-- MySQL dump 10.16  Distrib 10.1.25-MariaDB, for Win32 (AMD64)
--
-- Host: localhost    Database: lmsDB4
-- ------------------------------------------------------
-- Server version	10.1.25-MariaDB

/*!40101 SET @OLD_CHARACTER_SET_CLIENT=@@CHARACTER_SET_CLIENT */;
/*!40101 SET @OLD_CHARACTER_SET_RESULTS=@@CHARACTER_SET_RESULTS */;
/*!40101 SET @OLD_COLLATION_CONNECTION=@@COLLATION_CONNECTION */;
/*!40101 SET NAMES utf8 */;
/*!40103 SET @OLD_TIME_ZONE=@@TIME_ZONE */;
/*!40103 SET TIME_ZONE='+00:00' */;
/*!40014 SET @OLD_UNIQUE_CHECKS=@@UNIQUE_CHECKS, UNIQUE_CHECKS=0 */;
/*!40014 SET @OLD_FOREIGN_KEY_CHECKS=@@FOREIGN_KEY_CHECKS, FOREIGN_KEY_CHECKS=0 */;
/*!40101 SET @OLD_SQL_MODE=@@SQL_MODE, SQL_MODE='NO_AUTO_VALUE_ON_ZERO' */;
/*!40111 SET @OLD_SQL_NOTES=@@SQL_NOTES, SQL_NOTES=0 */;

--
-- Table structure for table `announcements`
--

DROP TABLE IF EXISTS `announcements`;
/*!40101 SET @saved_cs_client     = @@character_set_client */;
/*!40101 SET character_set_client = utf8 */;
CREATE TABLE `announcements` (
  `id` int(10) unsigned NOT NULL AUTO_INCREMENT,
  `announcement` longtext COLLATE utf8mb4_unicode_ci NOT NULL,
  `date` varchar(191) COLLATE utf8mb4_unicode_ci NOT NULL,
  `time` varchar(191) COLLATE utf8mb4_unicode_ci NOT NULL,
  `sy` varchar(191) COLLATE utf8mb4_unicode_ci NOT NULL,
  `semester` varchar(191) COLLATE utf8mb4_unicode_ci NOT NULL,
  `teacher_id` int(11) NOT NULL,
  PRIMARY KEY (`id`)
) ENGINE=InnoDB DEFAULT CHARSET=utf8mb4 COLLATE=utf8mb4_unicode_ci;
/*!40101 SET character_set_client = @saved_cs_client */;

--
-- Dumping data for table `announcements`
--

LOCK TABLES `announcements` WRITE;
/*!40000 ALTER TABLE `announcements` DISABLE KEYS */;
/*!40000 ALTER TABLE `announcements` ENABLE KEYS */;
UNLOCK TABLES;

--
-- Table structure for table `class_record_announcements`
--

DROP TABLE IF EXISTS `class_record_announcements`;
/*!40101 SET @saved_cs_client     = @@character_set_client */;
/*!40101 SET character_set_client = utf8 */;
CREATE TABLE `class_record_announcements` (
  `id` int(10) unsigned NOT NULL AUTO_INCREMENT,
  `announcement_id` int(11) NOT NULL,
  `class_record_id` int(11) NOT NULL,
  PRIMARY KEY (`id`)
) ENGINE=InnoDB DEFAULT CHARSET=utf8mb4 COLLATE=utf8mb4_unicode_ci;
/*!40101 SET character_set_client = @saved_cs_client */;

--
-- Dumping data for table `class_record_announcements`
--

LOCK TABLES `class_record_announcements` WRITE;
/*!40000 ALTER TABLE `class_record_announcements` DISABLE KEYS */;
/*!40000 ALTER TABLE `class_record_announcements` ENABLE KEYS */;
UNLOCK TABLES;

--
-- Table structure for table `class_record_exams`
--

DROP TABLE IF EXISTS `class_record_exams`;
/*!40101 SET @saved_cs_client     = @@character_set_client */;
/*!40101 SET character_set_client = utf8 */;
CREATE TABLE `class_record_exams` (
  `id` int(10) unsigned NOT NULL AUTO_INCREMENT,
  `class_record_id` int(11) NOT NULL,
  `examination_id` int(11) NOT NULL,
  `visibility` tinyint(1) DEFAULT '0',
  `lock_exam` tinyint(1) DEFAULT '0',
  `done_checking` tinyint(1) NOT NULL,
  `pause_time` varchar(191) COLLATE utf8mb4_unicode_ci DEFAULT NULL,
  `created_at` timestamp NULL DEFAULT NULL,
  `updated_at` timestamp NULL DEFAULT NULL,
  `custom_long_exam_total_score` int(11) NOT NULL DEFAULT '0',
  PRIMARY KEY (`id`)
) ENGINE=InnoDB AUTO_INCREMENT=11 DEFAULT CHARSET=utf8mb4 COLLATE=utf8mb4_unicode_ci;
/*!40101 SET character_set_client = @saved_cs_client */;

--
-- Dumping data for table `class_record_exams`
--

LOCK TABLES `class_record_exams` WRITE;
/*!40000 ALTER TABLE `class_record_exams` DISABLE KEYS */;
INSERT INTO `class_record_exams` VALUES (1,1,1,1,0,0,NULL,'2020-06-02 05:40:07','2020-06-02 05:40:07',0),(2,1,2,1,0,0,NULL,'2020-06-02 06:14:10','2020-06-02 06:14:10',0),(3,3,3,0,0,0,NULL,'2020-06-02 12:53:51','2020-06-02 12:53:51',0),(4,5,4,0,0,0,NULL,'2020-06-02 12:59:54','2020-06-02 12:59:54',0),(5,1,5,1,0,0,NULL,'2020-06-03 06:41:12','2020-06-03 06:41:12',0),(6,1,6,1,0,0,NULL,'2020-06-09 15:17:36','2020-06-09 15:17:36',0),(7,7,7,1,0,0,NULL,'2020-07-02 02:35:37','2020-07-02 02:35:37',0),(8,7,8,1,0,0,NULL,'2020-07-02 15:06:37','2020-07-02 15:06:37',0),(9,8,9,1,0,0,NULL,'2020-07-02 15:48:25','2020-07-02 15:48:25',0),(10,9,10,0,0,0,NULL,'2020-07-14 14:33:23','2020-07-14 14:33:23',0);
/*!40000 ALTER TABLE `class_record_exams` ENABLE KEYS */;
UNLOCK TABLES;

--
-- Table structure for table `class_record_files`
--

DROP TABLE IF EXISTS `class_record_files`;
/*!40101 SET @saved_cs_client     = @@character_set_client */;
/*!40101 SET character_set_client = utf8 */;
CREATE TABLE `class_record_files` (
  `id` int(10) unsigned NOT NULL AUTO_INCREMENT,
  `file_id` int(11) NOT NULL,
  `class_record_id` int(11) NOT NULL,
  PRIMARY KEY (`id`)
) ENGINE=InnoDB AUTO_INCREMENT=10 DEFAULT CHARSET=utf8mb4 COLLATE=utf8mb4_unicode_ci;
/*!40101 SET character_set_client = @saved_cs_client */;

--
-- Dumping data for table `class_record_files`
--

LOCK TABLES `class_record_files` WRITE;
/*!40000 ALTER TABLE `class_record_files` DISABLE KEYS */;
INSERT INTO `class_record_files` VALUES (1,1,1),(2,2,1),(3,3,1),(5,5,1),(6,6,1),(7,7,1),(8,8,1),(9,9,7);
/*!40000 ALTER TABLE `class_record_files` ENABLE KEYS */;
UNLOCK TABLES;

--
-- Table structure for table `class_record_pairs`
--

DROP TABLE IF EXISTS `class_record_pairs`;
/*!40101 SET @saved_cs_client     = @@character_set_client */;
/*!40101 SET character_set_client = utf8 */;
CREATE TABLE `class_record_pairs` (
  `id` int(10) unsigned NOT NULL AUTO_INCREMENT,
  `class_record_id_mid` int(11) NOT NULL,
  `class_record_id_final` int(11) NOT NULL,
  `teacher_id` int(11) NOT NULL,
  `created_at` timestamp NULL DEFAULT NULL,
  `updated_at` timestamp NULL DEFAULT NULL,
  PRIMARY KEY (`id`)
) ENGINE=InnoDB AUTO_INCREMENT=6 DEFAULT CHARSET=utf8mb4 COLLATE=utf8mb4_unicode_ci;
/*!40101 SET character_set_client = @saved_cs_client */;

--
-- Dumping data for table `class_record_pairs`
--

LOCK TABLES `class_record_pairs` WRITE;
/*!40000 ALTER TABLE `class_record_pairs` DISABLE KEYS */;
INSERT INTO `class_record_pairs` VALUES (1,1,2,2,'2020-06-02 05:28:29','2020-06-02 05:28:29'),(2,3,4,2,'2020-06-02 12:53:02','2020-06-02 12:53:02'),(3,5,6,2,'2020-06-02 12:58:45','2020-06-02 12:58:45'),(4,7,8,28,'2020-07-02 02:27:45','2020-07-02 02:27:45'),(5,9,10,2,'2020-07-14 14:32:52','2020-07-14 14:32:52');
/*!40000 ALTER TABLE `class_record_pairs` ENABLE KEYS */;
UNLOCK TABLES;

--
-- Table structure for table `class_records`
--

DROP TABLE IF EXISTS `class_records`;
/*!40101 SET @saved_cs_client     = @@character_set_client */;
/*!40101 SET character_set_client = utf8 */;
CREATE TABLE `class_records` (
  `id` int(10) unsigned NOT NULL AUTO_INCREMENT,
  `teacher_id` int(11) NOT NULL,
  `sub_desc` varchar(191) COLLATE utf8mb4_unicode_ci NOT NULL,
  `sub_code` varchar(191) COLLATE utf8mb4_unicode_ci NOT NULL,
  `sub_sec` varchar(191) COLLATE utf8mb4_unicode_ci NOT NULL,
  `day` varchar(191) COLLATE utf8mb4_unicode_ci NOT NULL,
  `type` varchar(191) COLLATE utf8mb4_unicode_ci NOT NULL,
  `time` varchar(191) COLLATE utf8mb4_unicode_ci NOT NULL,
  `sy` varchar(191) COLLATE utf8mb4_unicode_ci NOT NULL,
  `semester` varchar(191) COLLATE utf8mb4_unicode_ci NOT NULL,
  `formula_times` int(11) NOT NULL,
  `formula_plus` int(11) NOT NULL,
  `created_at` timestamp NULL DEFAULT NULL,
  `updated_at` timestamp NULL DEFAULT NULL,
  `midterm_percentage` int(11) NOT NULL DEFAULT '50',
  `final_percentage` int(11) NOT NULL DEFAULT '50',
  PRIMARY KEY (`id`)
) ENGINE=InnoDB AUTO_INCREMENT=11 DEFAULT CHARSET=utf8mb4 COLLATE=utf8mb4_unicode_ci;
/*!40101 SET character_set_client = @saved_cs_client */;

--
-- Dumping data for table `class_records`
--

LOCK TABLES `class_records` WRITE;
/*!40000 ALTER TABLE `class_records` DISABLE KEYS */;
INSERT INTO `class_records` VALUES (1,2,'Object - Oriented Programming I','ITS 131','A','MWF','Midterm','8-9','2020-2021','First',100,30,'2020-06-02 05:28:28','2020-07-02 07:53:17',50,50),(2,2,'Object - Oriented Programming I','ITS 131','A','MWF','Final','8-9','2020-2021','First',50,50,'2020-06-02 05:28:28','2020-07-02 07:53:17',50,50),(3,2,'Object -Oriented Programming I','ITS 131','B','t th','Midterm','10-11','2021-2022','First',50,50,'2020-06-02 12:53:02','2020-06-02 12:53:02',50,50),(4,2,'Object -Oriented Programming I','ITS 131','B','t th','Final','10-11','2021-2022','First',50,50,'2020-06-02 12:53:02','2020-06-02 12:53:02',50,50),(5,2,'hardware and Software installation','ITS 204','C','MWF','Midterm','3-4','2021-2022','First',50,50,'2020-06-02 12:58:45','2020-06-02 12:58:45',50,50),(6,2,'hardware and Software installation','ITS 204','C','MWF','Final','3-4','2021-2022','First',50,50,'2020-06-02 12:58:45','2020-06-02 12:58:45',50,50),(7,28,'Hardware Installation','ITS 201','A','MWF','Midterm','8-9','2020-2021','First',100,50,'2020-07-02 02:27:45','2020-07-02 12:14:11',50,50),(8,28,'Hardware Installation','ITS 201','A','MWF','Final','8-9','2020-2021','First',50,50,'2020-07-02 02:27:45','2020-07-02 12:14:11',50,50),(9,2,'Object - Oriented Programming','ITS 131','A','TTH','Midterm','8:30-10:00','2020-2021','Second',100,0,'2020-07-14 14:32:52','2020-07-14 14:32:52',50,50),(10,2,'Object - Oriented Programming','ITS 131','A','TTH','Final','8:30-10:00','2020-2021','Second',100,0,'2020-07-14 14:32:52','2020-07-14 14:32:52',50,50);
/*!40000 ALTER TABLE `class_records` ENABLE KEYS */;
UNLOCK TABLES;

--
-- Table structure for table `courses`
--

DROP TABLE IF EXISTS `courses`;
/*!40101 SET @saved_cs_client     = @@character_set_client */;
/*!40101 SET character_set_client = utf8 */;
CREATE TABLE `courses` (
  `id` int(10) unsigned NOT NULL AUTO_INCREMENT,
  `course_code` varchar(191) COLLATE utf8mb4_unicode_ci NOT NULL,
  `course_desc` varchar(191) COLLATE utf8mb4_unicode_ci NOT NULL,
  `created_at` timestamp NULL DEFAULT NULL,
  `updated_at` timestamp NULL DEFAULT NULL,
  PRIMARY KEY (`id`)
) ENGINE=InnoDB AUTO_INCREMENT=5 DEFAULT CHARSET=utf8mb4 COLLATE=utf8mb4_unicode_ci;
/*!40101 SET character_set_client = @saved_cs_client */;

--
-- Dumping data for table `courses`
--

LOCK TABLES `courses` WRITE;
/*!40000 ALTER TABLE `courses` DISABLE KEYS */;
INSERT INTO `courses` VALUES (1,'BSINT','Bachelor of Science in Information Technology',NULL,NULL),(2,'BSCS','Bachelor of Science in Computer Science ',NULL,NULL),(3,'BSED','Bachelor of Secodary Education',NULL,NULL),(4,'BEED','Bachelor of Elementary Education',NULL,NULL);
/*!40000 ALTER TABLE `courses` ENABLE KEYS */;
UNLOCK TABLES;

--
-- Table structure for table `criteria_records`
--

DROP TABLE IF EXISTS `criteria_records`;
/*!40101 SET @saved_cs_client     = @@character_set_client */;
/*!40101 SET character_set_client = utf8 */;
CREATE TABLE `criteria_records` (
  `id` int(10) unsigned NOT NULL AUTO_INCREMENT,
  `criteria_id` int(11) NOT NULL,
  `topic` varchar(191) COLLATE utf8mb4_unicode_ci DEFAULT NULL,
  `date` varchar(191) COLLATE utf8mb4_unicode_ci NOT NULL,
  `total_score` int(11) NOT NULL,
  `class_record_id` int(11) NOT NULL,
  `created_at` timestamp NULL DEFAULT NULL,
  `updated_at` timestamp NULL DEFAULT NULL,
  `exam_id` int(11) DEFAULT NULL,
  PRIMARY KEY (`id`)
) ENGINE=InnoDB AUTO_INCREMENT=10 DEFAULT CHARSET=utf8mb4 COLLATE=utf8mb4_unicode_ci;
/*!40101 SET character_set_client = @saved_cs_client */;

--
-- Dumping data for table `criteria_records`
--

LOCK TABLES `criteria_records` WRITE;
/*!40000 ALTER TABLE `criteria_records` DISABLE KEYS */;
INSERT INTO `criteria_records` VALUES (1,13,'Automated Quiz','2020-06-02',17,1,'2020-06-02 05:51:12','2020-06-02 05:51:12',1),(2,3,'Assignment # 1 . Polymorphism','2020-06-02',10,1,'2020-06-02 06:05:47','2020-06-02 06:05:47',NULL),(3,5,'Quiz # 1','2020-06-02',8,1,'2020-06-02 06:06:59','2020-06-02 06:06:59',NULL),(4,5,'Automated Quiz','2020-06-02',10,1,'2020-06-02 06:36:57','2020-06-02 06:36:57',2),(5,5,'Automated Quiz','2020-06-03',8,1,'2020-06-03 06:47:42','2020-06-03 06:47:42',5),(6,5,'Automated Quiz','2020-06-09',3,1,'2020-06-09 15:19:15','2020-06-09 15:19:15',6),(7,55,'Automated Quiz','2020-07-02',15,7,'2020-07-02 02:54:39','2020-07-02 02:54:39',7),(8,47,'Automated Quiz','2020-07-02',10,7,'2020-07-02 15:17:31','2020-07-02 15:17:31',8),(9,56,'Automated Quiz','2020-07-03',10,8,'2020-07-02 16:04:09','2020-07-02 16:04:09',9);
/*!40000 ALTER TABLE `criteria_records` ENABLE KEYS */;
UNLOCK TABLES;

--
-- Table structure for table `criterias`
--

DROP TABLE IF EXISTS `criterias`;
/*!40101 SET @saved_cs_client     = @@character_set_client */;
/*!40101 SET character_set_client = utf8 */;
CREATE TABLE `criterias` (
  `id` int(10) unsigned NOT NULL AUTO_INCREMENT,
  `criteria` varchar(191) COLLATE utf8mb4_unicode_ci NOT NULL,
  `percent` varchar(191) COLLATE utf8mb4_unicode_ci NOT NULL,
  `class_record_id` varchar(191) COLLATE utf8mb4_unicode_ci NOT NULL,
  `created_at` timestamp NULL DEFAULT NULL,
  `updated_at` timestamp NULL DEFAULT NULL,
  PRIMARY KEY (`id`)
) ENGINE=InnoDB AUTO_INCREMENT=69 DEFAULT CHARSET=utf8mb4 COLLATE=utf8mb4_unicode_ci;
/*!40101 SET character_set_client = @saved_cs_client */;

--
-- Dumping data for table `criterias`
--

LOCK TABLES `criterias` WRITE;
/*!40000 ALTER TABLE `criterias` DISABLE KEYS */;
INSERT INTO `criterias` VALUES (1,'Attendance','5','1','2020-06-02 05:28:29','2020-07-02 07:53:17'),(2,'Attendance','5','2','2020-06-02 05:28:29','2020-06-02 05:28:29'),(3,'Assignment','5','1','2020-06-02 05:28:29','2020-07-02 07:53:17'),(4,'Assignment','5','2','2020-06-02 05:28:29','2020-06-02 05:28:29'),(5,'Quiz','5','1','2020-06-02 05:28:29','2020-07-02 07:53:17'),(6,'Quiz','5','2','2020-06-02 05:28:29','2020-06-02 05:28:29'),(7,'Participation','5','1','2020-06-02 05:28:29','2020-07-02 07:53:17'),(8,'Participation','5','2','2020-06-02 05:28:29','2020-06-02 05:28:29'),(9,'Project','20','1','2020-06-02 05:28:29','2020-07-02 07:53:17'),(10,'Project','20','2','2020-06-02 05:28:29','2020-06-02 05:28:29'),(11,'Laboratory','20','1','2020-06-02 05:28:29','2020-07-02 07:53:17'),(12,'Laboratory','20','2','2020-06-02 05:28:30','2020-06-02 05:28:30'),(13,'Midterm Exam','40','1','2020-06-02 05:28:30','2020-07-02 07:53:17'),(14,'Final Exam','40','2','2020-06-02 05:28:30','2020-06-02 05:28:30'),(15,'Attendance','5','3','2020-06-02 12:53:03','2020-06-02 12:53:03'),(16,'Attendance','5','4','2020-06-02 12:53:03','2020-06-02 12:53:03'),(17,'Assignment','5','3','2020-06-02 12:53:03','2020-06-02 12:53:03'),(18,'Assignment','5','4','2020-06-02 12:53:03','2020-06-02 12:53:03'),(19,'Quiz','5','3','2020-06-02 12:53:03','2020-06-02 12:53:03'),(20,'Quiz','5','4','2020-06-02 12:53:03','2020-06-02 12:53:03'),(21,'Participation','5','3','2020-06-02 12:53:03','2020-06-02 12:53:03'),(22,'Participation','5','4','2020-06-02 12:53:03','2020-06-02 12:53:03'),(23,'Project','20','3','2020-06-02 12:53:03','2020-06-02 12:53:03'),(24,'Project','20','4','2020-06-02 12:53:03','2020-06-02 12:53:03'),(25,'Laboratory','20','3','2020-06-02 12:53:03','2020-06-02 12:53:03'),(26,'Laboratory','20','4','2020-06-02 12:53:03','2020-06-02 12:53:03'),(27,'Midterm Exam','40','3','2020-06-02 12:53:03','2020-06-02 12:53:03'),(28,'Final Exam','40','4','2020-06-02 12:53:03','2020-06-02 12:53:03'),(29,'Attendance','5','5','2020-06-02 12:58:45','2020-06-02 12:58:45'),(30,'Attendance','5','6','2020-06-02 12:58:45','2020-06-02 12:58:45'),(31,'Assignment','5','5','2020-06-02 12:58:45','2020-06-02 12:58:45'),(32,'Assignment','5','6','2020-06-02 12:58:45','2020-06-02 12:58:45'),(33,'Quiz','5','5','2020-06-02 12:58:45','2020-06-02 12:58:45'),(34,'Quiz','5','6','2020-06-02 12:58:45','2020-06-02 12:58:45'),(35,'Participation','5','5','2020-06-02 12:58:45','2020-06-02 12:58:45'),(36,'Participation','5','6','2020-06-02 12:58:45','2020-06-02 12:58:45'),(37,'Project','20','5','2020-06-02 12:58:46','2020-06-02 12:58:46'),(38,'Project','20','6','2020-06-02 12:58:46','2020-06-02 12:58:46'),(39,'Laboratory','20','5','2020-06-02 12:58:46','2020-06-02 12:58:46'),(40,'Laboratory','20','6','2020-06-02 12:58:46','2020-06-02 12:58:46'),(41,'Midterm Exam','40','5','2020-06-02 12:58:46','2020-06-02 12:58:46'),(42,'Final Exam','40','6','2020-06-02 12:58:46','2020-06-02 12:58:46'),(43,'Attendance','5','7','2020-07-02 02:27:45','2020-07-02 12:14:11'),(44,'Attendance','5','8','2020-07-02 02:27:45','2020-07-02 02:27:45'),(45,'Assignment','5','7','2020-07-02 02:27:45','2020-07-02 12:14:11'),(46,'Assignment','5','8','2020-07-02 02:27:45','2020-07-02 02:27:45'),(47,'Quiz','5','7','2020-07-02 02:27:45','2020-07-02 12:14:11'),(48,'Quiz','5','8','2020-07-02 02:27:45','2020-07-02 02:27:45'),(49,'Participation','5','7','2020-07-02 02:27:45','2020-07-02 12:14:11'),(50,'Participation','5','8','2020-07-02 02:27:45','2020-07-02 02:27:45'),(51,'Project','20','7','2020-07-02 02:27:45','2020-07-02 12:14:11'),(52,'Project','20','8','2020-07-02 02:27:45','2020-07-02 02:27:45'),(53,'Laboratory','20','7','2020-07-02 02:27:46','2020-07-02 12:14:11'),(54,'Laboratory','20','8','2020-07-02 02:27:46','2020-07-02 02:27:46'),(55,'Midterm Exam','40','7','2020-07-02 02:27:46','2020-07-02 12:14:12'),(56,'Final Exam','40','8','2020-07-02 02:27:46','2020-07-02 02:27:46'),(57,'Attendance','12','9','2020-07-14 14:32:52','2020-07-14 14:32:52'),(58,'Attendance','12','10','2020-07-14 14:32:52','2020-07-14 14:32:52'),(59,'Assignment','12','9','2020-07-14 14:32:52','2020-07-14 14:32:52'),(60,'Assignment','12','10','2020-07-14 14:32:52','2020-07-14 14:32:52'),(61,'Quiz','12','9','2020-07-14 14:32:52','2020-07-14 14:32:52'),(62,'Quiz','12','10','2020-07-14 14:32:52','2020-07-14 14:32:52'),(63,'Participation','12','9','2020-07-14 14:32:52','2020-07-14 14:32:52'),(64,'Participation','12','10','2020-07-14 14:32:52','2020-07-14 14:32:52'),(65,'Project','12','9','2020-07-14 14:32:52','2020-07-14 14:32:52'),(66,'Project','12','10','2020-07-14 14:32:52','2020-07-14 14:32:52'),(67,'Midterm Exam','40','9','2020-07-14 14:32:52','2020-07-14 14:32:52'),(68,'Final Exam','40','10','2020-07-14 14:32:52','2020-07-14 14:32:52');
/*!40000 ALTER TABLE `criterias` ENABLE KEYS */;
UNLOCK TABLES;

--
-- Table structure for table `exam_parts`
--

DROP TABLE IF EXISTS `exam_parts`;
/*!40101 SET @saved_cs_client     = @@character_set_client */;
/*!40101 SET character_set_client = utf8 */;
CREATE TABLE `exam_parts` (
  `id` int(10) unsigned NOT NULL AUTO_INCREMENT,
  `exam_type` varchar(191) COLLATE utf8mb4_unicode_ci NOT NULL,
  `examination_id` varchar(191) COLLATE utf8mb4_unicode_ci NOT NULL,
  `exam_topic` varchar(191) COLLATE utf8mb4_unicode_ci NOT NULL,
  `exam_instruction` varchar(191) COLLATE utf8mb4_unicode_ci NOT NULL,
  `part_num` int(11) NOT NULL,
  `created_at` timestamp NULL DEFAULT NULL,
  `updated_at` timestamp NULL DEFAULT NULL,
  PRIMARY KEY (`id`)
) ENGINE=InnoDB AUTO_INCREMENT=15 DEFAULT CHARSET=utf8mb4 COLLATE=utf8mb4_unicode_ci;
/*!40101 SET character_set_client = @saved_cs_client */;

--
-- Dumping data for table `exam_parts`
--

LOCK TABLES `exam_parts` WRITE;
/*!40000 ALTER TABLE `exam_parts` DISABLE KEYS */;
INSERT INTO `exam_parts` VALUES (1,'mul','1','Sample Multiple Choice exam','Sample examination please try this',1,'2020-06-02 05:40:07','2020-07-01 05:19:36'),(2,'ess','1','Sample essay examination','Try to create examination on essay type.',2,'2020-06-02 05:40:07','2020-07-01 05:19:36'),(3,'ide','2','Sample identification','Read and answer the following question',1,'2020-06-02 06:14:09','2020-06-02 06:14:09'),(4,'mat','2','Sample Matching type','Read and answer the ff question',2,'2020-06-02 06:14:09','2020-06-02 06:14:09'),(5,'mul','3','sample load previous exam','Sample load examination',1,'2020-06-02 12:53:51','2020-06-02 12:53:51'),(6,'mul','4','Sample eamination for hardware installation','Sample examination',1,'2020-06-02 12:59:54','2020-06-02 12:59:54'),(7,'mat','5','Sample Matching type','try to answer the sample examination using the matching type examination.',1,'2020-06-03 06:41:12','2020-06-03 06:41:12'),(8,'ide','5','Sample identification exam','Read and answer the following questions of identification.',2,'2020-06-03 06:41:12','2020-06-03 06:41:12'),(9,'mat','6','oop','Read and  match column A with column B select the corresponding letter of the correct answer.',1,'2020-06-09 15:17:36','2020-06-09 15:17:36'),(10,'mul','7','Sample upload examination','Read the statement below and answer the following questions.',1,'2020-07-02 02:35:37','2020-07-02 02:35:37'),(11,'mul','8','Sample topic','Read and answer the following questions.',1,'2020-07-02 15:06:37','2020-07-02 15:06:37'),(12,'mul','9','Sample topic','read and answer the following',1,'2020-07-02 15:48:25','2020-07-02 15:48:25'),(13,'mul','10','asdfsdaf','sdfsdf',1,'2020-07-14 14:33:23','2020-07-14 14:33:23'),(14,'ess','10','asdfsdf','asdfsdf',2,'2020-07-14 14:33:23','2020-07-14 14:33:23');
/*!40000 ALTER TABLE `exam_parts` ENABLE KEYS */;
UNLOCK TABLES;

--
-- Table structure for table `examinations`
--

DROP TABLE IF EXISTS `examinations`;
/*!40101 SET @saved_cs_client     = @@character_set_client */;
/*!40101 SET character_set_client = utf8 */;
CREATE TABLE `examinations` (
  `id` int(10) unsigned NOT NULL AUTO_INCREMENT,
  `teacher_id` int(11) NOT NULL,
  `gen_instruction` varchar(191) COLLATE utf8mb4_unicode_ci NOT NULL,
  `answer_visibility` tinyint(1) NOT NULL DEFAULT '0',
  `duration` varchar(191) COLLATE utf8mb4_unicode_ci NOT NULL,
  `created_at` timestamp NULL DEFAULT NULL,
  `updated_at` timestamp NULL DEFAULT NULL,
  `exam_type` int(11) NOT NULL DEFAULT '1',
  PRIMARY KEY (`id`)
) ENGINE=InnoDB AUTO_INCREMENT=11 DEFAULT CHARSET=utf8mb4 COLLATE=utf8mb4_unicode_ci;
/*!40101 SET character_set_client = @saved_cs_client */;

--
-- Dumping data for table `examinations`
--

LOCK TABLES `examinations` WRITE;
/*!40000 ALTER TABLE `examinations` DISABLE KEYS */;
INSERT INTO `examinations` VALUES (1,2,'This is a sample examination. Testing for all types of examination with',1,'3','2020-06-02 05:40:07','2020-07-02 14:24:48',1),(2,2,'sample quiz exm',0,'2','2020-06-02 06:14:09','2020-06-02 06:14:09',0),(3,2,'Sample load examination form previous year',0,'3','2020-06-02 12:53:51','2020-06-02 12:53:51',1),(4,2,'Sample examination for hardware installation',0,'3','2020-06-02 12:59:54','2020-06-02 12:59:54',1),(5,2,'Sample quiz no. 2 using the matching type and identification',0,'3','2020-06-03 06:41:12','2020-06-03 12:29:49',0),(6,2,'Sample matching type',0,'2','2020-06-09 15:17:36','2020-06-09 15:17:36',0),(7,28,'Sample examination fr Hardware Installation',1,'3','2020-07-02 02:35:37','2020-07-02 14:12:47',1),(8,28,'Sample quiz',0,'2','2020-07-02 15:06:37','2020-07-02 15:06:37',0),(9,28,'Sample examination for final',1,'3','2020-07-02 15:48:24','2020-07-02 15:59:14',1),(10,2,'testse',0,'55','2020-07-14 14:33:23','2020-07-14 14:33:23',1);
/*!40000 ALTER TABLE `examinations` ENABLE KEYS */;
UNLOCK TABLES;

--
-- Table structure for table `files`
--

DROP TABLE IF EXISTS `files`;
/*!40101 SET @saved_cs_client     = @@character_set_client */;
/*!40101 SET character_set_client = utf8 */;
CREATE TABLE `files` (
  `id` int(10) unsigned NOT NULL AUTO_INCREMENT,
  `file_name` varchar(191) COLLATE utf8mb4_unicode_ci NOT NULL,
  `rand_name` varchar(191) COLLATE utf8mb4_unicode_ci NOT NULL,
  `description` varchar(191) COLLATE utf8mb4_unicode_ci NOT NULL,
  `file_type` varchar(191) COLLATE utf8mb4_unicode_ci NOT NULL,
  `date` varchar(191) COLLATE utf8mb4_unicode_ci NOT NULL,
  `time` varchar(191) COLLATE utf8mb4_unicode_ci NOT NULL,
  PRIMARY KEY (`id`)
) ENGINE=InnoDB AUTO_INCREMENT=10 DEFAULT CHARSET=utf8mb4 COLLATE=utf8mb4_unicode_ci;
/*!40101 SET character_set_client = @saved_cs_client */;

--
-- Dumping data for table `files`
--

LOCK TABLES `files` WRITE;
/*!40000 ALTER TABLE `files` DISABLE KEYS */;
INSERT INTO `files` VALUES (1,'data flow.docx','KXe4cLRmgmoz.docx','sample file upload','APPLICATION/VND.OPENXMLFORMATS-OFFICEDOCUMENT.WORDPROCESSINGML.DOCUMENT','2020-06-02','21:06 pm'),(2,'lmsdb new.sql','sG6XWzKb8JPJ.bin','sample file upload to the students','APPLICATION/OCTET-STREAM','2020-06-24','10:06 am'),(3,'3_jdk-8u51-nb-8_0_2-windows-i586.exe','V9YijHJOI2rU.exe','Another file to be uploaded','APPLICATION/X-MSDOWNLOAD','2020-06-24','10:06 am'),(5,'20170407_102800.jpg','rQ615Bz61Qd5.jpeg','Sample description of the  file to be uploaded','IMAGE/JPEG','2020-06-24','10:06 am'),(6,'netbeans-8.2-windows.exe','iDTbwtNDSSVm.exe','Sample file upload for students','APPLICATION/X-MSDOWNLOAD','2020-06-24','13:06 pm'),(7,'Adobe Photoshop Lightroom 1.4.1 (LaCe12).7z','WEyma0cXIZ2j.bin','another sample','APPLICATION/OCTET-STREAM','2020-06-24','13:06 pm'),(8,'0101 Welcome.mov','rBjSXvYSTomq.qt','music','VIDEO/QUICKTIME','2020-06-24','13:06 pm'),(9,'eula.1028.txt','zm4UuTNkWI7t.txt','Sample file upload','TEXT/PLAIN','2020-07-02','10:07 am');
/*!40000 ALTER TABLE `files` ENABLE KEYS */;
UNLOCK TABLES;

--
-- Table structure for table `logs`
--

DROP TABLE IF EXISTS `logs`;
/*!40101 SET @saved_cs_client     = @@character_set_client */;
/*!40101 SET character_set_client = utf8 */;
CREATE TABLE `logs` (
  `id` int(10) unsigned NOT NULL AUTO_INCREMENT,
  `content` varchar(191) COLLATE utf8mb4_unicode_ci NOT NULL,
  `action_type` varchar(191) COLLATE utf8mb4_unicode_ci NOT NULL,
  `created_by` int(11) NOT NULL,
  `owned_by` int(11) NOT NULL,
  `created_at` timestamp NULL DEFAULT NULL,
  `updated_at` timestamp NULL DEFAULT NULL,
  PRIMARY KEY (`id`)
) ENGINE=InnoDB AUTO_INCREMENT=16 DEFAULT CHARSET=utf8mb4 COLLATE=utf8mb4_unicode_ci;
/*!40101 SET character_set_client = @saved_cs_client */;

--
-- Dumping data for table `logs`
--

LOCK TABLES `logs` WRITE;
/*!40000 ALTER TABLE `logs` DISABLE KEYS */;
INSERT INTO `logs` VALUES (1,'Activated the account of Sumadia, Jessums','Activation',1,2,'2020-06-02 05:26:03','2020-06-02 05:26:03'),(2,' . Username is updated from jessums to 201700041 . Name is updated from jessums to 201700041','Update Account',2,2,'2020-06-02 06:48:38','2020-06-02 06:48:38'),(3,'','Update Account',14,14,'2020-06-03 01:30:55','2020-06-03 01:30:55'),(4,'Activated the account of Tabucoran, Rochie','Activation',1,3,'2020-06-05 03:03:01','2020-06-05 03:03:01'),(5,'Password is updated','Update Account',10,10,'2020-06-09 14:38:35','2020-06-09 14:38:35'),(6,'','Update Account',2,2,'2020-06-24 05:27:32','2020-06-24 05:27:33'),(7,'','Update Account',2,2,'2020-06-24 05:28:10','2020-06-24 05:28:10'),(8,'Activated the account of Csit, Teacher1','Activation',1,28,'2020-06-24 05:54:56','2020-06-24 05:54:56'),(9,'Activated the account of Doe, Jhon','Activation',1,31,'2020-06-24 08:01:29','2020-06-24 08:01:29'),(10,'Activated the account of New Instructor, Allan','Activation',1,29,'2020-06-24 08:09:44','2020-06-24 08:09:44'),(11,'Activated the account of Aidamus, Jess','Activation',1,33,'2020-06-30 01:46:12','2020-06-30 01:46:12'),(12,'','Update Account',28,28,'2020-07-02 13:52:15','2020-07-02 13:52:15'),(13,'','Update Account',28,28,'2020-07-02 13:52:44','2020-07-02 13:52:44'),(14,' . Username is updated from jessaidamus to 201700286 . Name is updated from jessaidamus to 201700286','Update Account',33,33,'2020-07-02 13:58:48','2020-07-02 13:58:48'),(15,'','Update Account',28,28,'2020-07-04 14:05:43','2020-07-04 14:05:43');
/*!40000 ALTER TABLE `logs` ENABLE KEYS */;
UNLOCK TABLES;

--
-- Table structure for table `long_answers`
--

DROP TABLE IF EXISTS `long_answers`;
/*!40101 SET @saved_cs_client     = @@character_set_client */;
/*!40101 SET character_set_client = utf8 */;
CREATE TABLE `long_answers` (
  `id` int(10) unsigned NOT NULL AUTO_INCREMENT,
  `student_id` int(11) NOT NULL,
  `question_id` int(11) NOT NULL,
  `answer` longtext COLLATE utf8mb4_unicode_ci NOT NULL,
  `score` varchar(191) COLLATE utf8mb4_unicode_ci DEFAULT NULL,
  PRIMARY KEY (`id`)
) ENGINE=InnoDB AUTO_INCREMENT=43 DEFAULT CHARSET=utf8mb4 COLLATE=utf8mb4_unicode_ci;
/*!40101 SET character_set_client = @saved_cs_client */;

--
-- Dumping data for table `long_answers`
--

LOCK TABLES `long_answers` WRITE;
/*!40000 ALTER TABLE `long_answers` DISABLE KEYS */;
INSERT INTO `long_answers` VALUES (1,2,8,'sample essay answer to be tested','7'),(2,3,8,'sample answer of the examination essay','10'),(3,1,8,'sample examination essay answer','8'),(4,2,9,'computer',''),(5,2,12,'SATA',''),(6,1,11,'cables',''),(7,1,9,'computers',''),(8,2,10,'hardik',''),(9,2,13,'AVR',''),(10,1,10,'hard disks',''),(11,1,13,'AVR',''),(12,3,13,'ARr',''),(13,3,10,'hard disk',''),(14,1,12,'SATA',''),(15,3,9,'computers',''),(16,3,11,'cables',''),(17,2,11,'cables',''),(18,5,8,'This is a sample essay examination for the subject object oriented programming I','3'),(19,10,28,'codes',''),(20,10,30,'data types',''),(21,10,29,'variables',''),(22,4,28,'coding',''),(23,4,30,'data type',''),(24,4,29,'variable',''),(25,11,8,'A process of binding the code together to prevent from outside interference.','5'),(26,10,8,'test',''),(27,12,8,'assdf',''),(28,13,8,'asdfsdf',''),(29,14,8,'as dfsad f',''),(30,4,8,'afsf',''),(31,6,8,'z a s',''),(32,8,8,'ads',''),(33,9,8,'zd',''),(34,15,8,'asd',''),(35,16,8,'dsfsf',''),(36,17,8,'sdsf',''),(37,18,8,'safs',''),(38,19,8,'DFd',''),(39,20,8,'sdsad',''),(40,21,8,'sdff',''),(41,22,8,'asdf',''),(42,23,8,'sadf sdfs','');
/*!40000 ALTER TABLE `long_answers` ENABLE KEYS */;
UNLOCK TABLES;

--
-- Table structure for table `migrations`
--

DROP TABLE IF EXISTS `migrations`;
/*!40101 SET @saved_cs_client     = @@character_set_client */;
/*!40101 SET character_set_client = utf8 */;
CREATE TABLE `migrations` (
  `id` int(10) unsigned NOT NULL AUTO_INCREMENT,
  `migration` varchar(191) COLLATE utf8mb4_unicode_ci NOT NULL,
  `batch` int(11) NOT NULL,
  PRIMARY KEY (`id`)
) ENGINE=InnoDB AUTO_INCREMENT=50 DEFAULT CHARSET=utf8mb4 COLLATE=utf8mb4_unicode_ci;
/*!40101 SET character_set_client = @saved_cs_client */;

--
-- Dumping data for table `migrations`
--

LOCK TABLES `migrations` WRITE;
/*!40000 ALTER TABLE `migrations` DISABLE KEYS */;
INSERT INTO `migrations` VALUES (1,'2014_10_12_000000_create_users_table',1),(2,'2014_10_12_100000_create_password_resets_table',1),(3,'2017_07_25_184641_create_class_record',1),(4,'2017_07_25_185151_criteria',1),(5,'2017_07_26_053314_create_criteria_record',1),(6,'2017_07_26_053407_create_score',1),(7,'2017_07_26_062047_create_course',1),(8,'2017_07_26_070849_create_student',1),(9,'2017_07_26_192606_create_student_record',1),(10,'2017_07_31_010435_create_class_record_pair',1),(11,'2017_07_31_011145_create_teacher',1),(12,'2017_08_01_183755_create_examination',1),(13,'2017_08_01_183843_create_exam_part',1),(14,'2017_08_01_183918_create_class_record_exam',1),(15,'2017_08_02_225010_create_question',1),(16,'2017_08_02_225140_create_question_choice',1),(17,'2017_08_03_052743_create_point',1),(18,'2017_08_05_214441_create_student_exam',1),(19,'2017_08_05_214703_create_student_answer',1),(20,'2017_08_05_214740_create_choices_rand',1),(21,'2017_08_05_214807_create_question_rand',1),(22,'2017_08_05_214837_create_essay_answer',1),(23,'2017_08_21_175013_create_announcements',1),(24,'2017_08_21_182735_create_class_record_announcement',1),(25,'2017_08_21_213158_create_student_announcement',1),(26,'2017_08_23_002739_settings',1),(27,'2017_08_27_223425_Create_File',1),(28,'2017_08_27_223611_Create_Class_record_file',1),(29,'2017_08_28_005136_Create_Student_files',1),(30,'2018_08_23_144511_change_topic_criteria_records_table',1),(31,'2018_09_02_120718_addcolpercentage',1),(32,'2019_03_07_051235_add_exam_type_column',1),(33,'2019_03_07_083417_add_exam_id_col_to_criteria_records',1),(34,'2019_03_24_032425_add_column_to_scores',1),(35,'2019_04_04_155755_create_log_table',1),(36,'2019_04_07_064810_add_cp_number',1),(37,'2019_09_02_062059_add_paused_time',1),(38,'2019_09_03_052451_student_exams_add_is_resumed',1),(39,'2019_09_19_104653_sms',1),(40,'2020_01_12_210655_user_split_name',1),(41,'2020_01_13_214100_user_add_field',1),(42,'2020_01_13_231426_user_update_field',1),(43,'2020_01_15_224114_user_update_field2',1),(44,'2020_01_25_135340_user_add_photo_field',1),(45,'2020_01_25_171843_student_add_photo_field',1),(46,'2020_03_15_160358_custom_long_exam_total_score',1),(49,'2020_07_14_233922_question_discrimation_field',2);
/*!40000 ALTER TABLE `migrations` ENABLE KEYS */;
UNLOCK TABLES;

--
-- Table structure for table `password_resets`
--

DROP TABLE IF EXISTS `password_resets`;
/*!40101 SET @saved_cs_client     = @@character_set_client */;
/*!40101 SET character_set_client = utf8 */;
CREATE TABLE `password_resets` (
  `email` varchar(191) COLLATE utf8mb4_unicode_ci NOT NULL,
  `token` varchar(191) COLLATE utf8mb4_unicode_ci NOT NULL,
  `created_at` timestamp NULL DEFAULT NULL,
  KEY `password_resets_email_index` (`email`)
) ENGINE=InnoDB DEFAULT CHARSET=utf8mb4 COLLATE=utf8mb4_unicode_ci;
/*!40101 SET character_set_client = @saved_cs_client */;

--
-- Dumping data for table `password_resets`
--

LOCK TABLES `password_resets` WRITE;
/*!40000 ALTER TABLE `password_resets` DISABLE KEYS */;
/*!40000 ALTER TABLE `password_resets` ENABLE KEYS */;
UNLOCK TABLES;

--
-- Table structure for table `points`
--

DROP TABLE IF EXISTS `points`;
/*!40101 SET @saved_cs_client     = @@character_set_client */;
/*!40101 SET character_set_client = utf8 */;
CREATE TABLE `points` (
  `id` int(10) unsigned NOT NULL AUTO_INCREMENT,
  `question_id` int(11) NOT NULL,
  `point` int(11) NOT NULL,
  `created_at` timestamp NULL DEFAULT NULL,
  `updated_at` timestamp NULL DEFAULT NULL,
  PRIMARY KEY (`id`)
) ENGINE=InnoDB AUTO_INCREMENT=2 DEFAULT CHARSET=utf8mb4 COLLATE=utf8mb4_unicode_ci;
/*!40101 SET character_set_client = @saved_cs_client */;

--
-- Dumping data for table `points`
--

LOCK TABLES `points` WRITE;
/*!40000 ALTER TABLE `points` DISABLE KEYS */;
INSERT INTO `points` VALUES (1,8,10,'2020-06-02 05:50:16','2020-06-02 05:50:16');
/*!40000 ALTER TABLE `points` ENABLE KEYS */;
UNLOCK TABLES;

--
-- Table structure for table `question_choices`
--

DROP TABLE IF EXISTS `question_choices`;
/*!40101 SET @saved_cs_client     = @@character_set_client */;
/*!40101 SET character_set_client = utf8 */;
CREATE TABLE `question_choices` (
  `id` int(10) unsigned NOT NULL AUTO_INCREMENT,
  `question_id` int(11) NOT NULL,
  `choice_desc` varchar(255) COLLATE utf8mb4_unicode_ci NOT NULL,
  `answer` int(11) NOT NULL,
  `created_at` timestamp NULL DEFAULT NULL,
  `updated_at` timestamp NULL DEFAULT NULL,
  PRIMARY KEY (`id`)
) ENGINE=InnoDB AUTO_INCREMENT=450 DEFAULT CHARSET=utf8mb4 COLLATE=utf8mb4_unicode_ci;
/*!40101 SET character_set_client = @saved_cs_client */;

--
-- Dumping data for table `question_choices`
--

LOCK TABLES `question_choices` WRITE;
/*!40000 ALTER TABLE `question_choices` DISABLE KEYS */;
INSERT INTO `question_choices` VALUES (1,1,'computer',1,'2020-06-02 05:43:46','2020-06-02 05:43:46'),(2,1,'northbridge',0,'2020-06-02 05:43:46','2020-06-02 05:43:46'),(3,1,'AVR',0,'2020-06-02 05:43:46','2020-06-02 05:43:46'),(4,1,'None of the above',0,'2020-06-02 05:43:46','2020-06-02 05:43:46'),(5,2,'inheritance',0,'2020-06-02 05:44:35','2020-06-02 05:44:35'),(6,2,'polymorphism',1,'2020-06-02 05:44:35','2020-06-02 05:44:35'),(7,2,'cables',0,'2020-06-02 05:44:35','2020-06-02 05:44:35'),(8,2,'None of the above',0,'2020-06-02 05:44:35','2020-06-02 05:44:35'),(9,3,'inheritance',1,'2020-06-02 05:46:21','2020-06-02 05:46:21'),(10,3,'polymorphism',0,'2020-06-02 05:46:22','2020-06-02 05:46:22'),(11,3,'encapsulation',0,'2020-06-02 05:46:22','2020-06-02 05:46:22'),(12,3,'None of the above',0,'2020-06-02 05:46:22','2020-06-02 05:46:22'),(13,4,'class',0,'2020-06-02 05:47:05','2020-06-02 05:47:05'),(14,4,'methods',1,'2020-06-02 05:47:05','2020-06-02 05:47:05'),(15,4,'function',0,'2020-06-02 05:47:05','2020-06-02 05:47:05'),(16,4,'None of the above',0,'2020-06-02 05:47:05','2020-06-02 05:47:05'),(17,5,'class',1,'2020-06-02 05:47:37','2020-06-02 05:47:37'),(18,5,'method',0,'2020-06-02 05:47:37','2020-06-02 05:47:37'),(19,5,'function',0,'2020-06-02 05:47:37','2020-06-02 05:47:37'),(20,5,'None of the above',0,'2020-06-02 05:47:37','2020-06-02 05:47:37'),(21,6,'function',1,'2020-06-02 05:48:20','2020-06-02 05:48:20'),(22,6,'method',0,'2020-06-02 05:48:20','2020-06-02 05:48:20'),(23,6,'class',0,'2020-06-02 05:48:20','2020-06-02 05:48:20'),(24,6,'None of the above',0,'2020-06-02 05:48:20','2020-06-02 05:48:20'),(25,7,'program',1,'2020-06-02 05:49:11','2020-06-02 05:49:11'),(26,7,'computer',0,'2020-06-02 05:49:11','2020-06-02 05:49:11'),(27,7,'software',0,'2020-06-02 05:49:11','2020-06-02 05:49:11'),(28,7,'None of the above',0,'2020-06-02 05:49:11','2020-06-02 05:49:11'),(29,9,'computer',1,'2020-06-02 06:15:49','2020-06-02 06:15:49'),(30,9,'computers',1,'2020-06-02 06:15:50','2020-06-02 06:15:50'),(31,9,'personal computer',1,'2020-06-02 06:15:50','2020-06-02 06:15:50'),(32,10,'hard disk',1,'2020-06-02 06:16:42','2020-06-02 06:16:42'),(33,10,'hard disks',1,'2020-06-02 06:16:42','2020-06-02 06:16:42'),(34,11,'cable',1,'2020-06-02 06:17:11','2020-06-02 06:17:11'),(35,11,'cables',1,'2020-06-02 06:17:11','2020-06-02 06:17:11'),(36,12,'SATA',1,'2020-06-02 06:18:19','2020-06-02 06:18:19'),(37,12,'Serial Advance technology Attachments',1,'2020-06-02 06:18:19','2020-06-02 06:18:19'),(38,13,'AVR',1,'2020-06-02 06:20:34','2020-06-02 06:20:34'),(39,13,'Automatic Voltage Regulator',1,'2020-06-02 06:20:34','2020-06-02 06:20:34'),(40,14,'class',1,'2020-06-02 06:28:15','2020-06-02 06:28:15'),(41,14,'methods',0,'2020-06-02 06:28:15','2020-06-02 06:28:15'),(42,15,'inheritance',1,'2020-06-02 06:29:21','2020-06-02 06:29:21'),(43,15,'',0,'2020-06-02 06:29:21','2020-06-02 06:29:21'),(44,16,'polymorphism',1,'2020-06-02 06:29:48','2020-06-02 06:29:48'),(45,16,'',0,'2020-06-02 06:29:48','2020-06-02 06:29:48'),(46,17,'encapsulation',1,'2020-06-02 06:30:32','2020-06-02 06:30:32'),(47,17,'methods',0,'2020-06-02 06:30:32','2020-06-02 06:30:32'),(48,18,'program',1,'2020-06-02 06:31:22','2020-06-02 06:31:22'),(49,18,'software',0,'2020-06-02 06:31:22','2020-06-02 06:31:22'),(66,23,'program',1,'2020-06-03 06:42:11','2020-06-03 06:42:11'),(67,23,'',0,'2020-06-03 06:42:11','2020-06-03 06:42:11'),(68,24,'module',1,'2020-06-03 06:42:35','2020-06-03 06:42:35'),(69,24,'',0,'2020-06-03 06:42:35','2020-06-03 06:42:35'),(70,25,'function',1,'2020-06-03 06:43:05','2020-06-03 06:43:05'),(71,25,'methods',0,'2020-06-03 06:43:05','2020-06-03 06:43:05'),(72,26,'polymorphism',1,'2020-06-03 06:43:31','2020-06-03 06:43:31'),(73,26,'',0,'2020-06-03 06:43:31','2020-06-03 06:43:31'),(74,27,'inheritance',1,'2020-06-03 06:43:58','2020-06-03 06:43:58'),(75,27,'encapsulation',0,'2020-06-03 06:43:58','2020-06-03 06:43:58'),(76,28,'code',1,'2020-06-03 06:45:53','2020-06-03 06:45:53'),(77,28,'codes',1,'2020-06-03 06:45:53','2020-06-03 06:45:53'),(78,29,'variable',1,'2020-06-03 06:46:28','2020-06-03 06:46:28'),(79,29,'variables',1,'2020-06-03 06:46:28','2020-06-03 06:46:28'),(80,30,'data type',1,'2020-06-03 06:47:02','2020-06-03 06:47:02'),(81,30,'data types',1,'2020-06-03 06:47:02','2020-06-03 06:47:02'),(82,31,'program',1,'2020-06-09 15:18:08','2020-06-09 15:18:08'),(83,32,'computer',1,'2020-06-09 15:18:33','2020-06-09 15:18:33'),(84,32,'PC',0,'2020-06-09 15:18:33','2020-06-09 15:18:33'),(85,33,'method',1,'2020-06-09 15:18:54','2020-06-09 15:18:54'),(206,64,'Shine',1,'2020-07-02 02:40:58','2020-07-02 02:40:58'),(207,64,'Sort',0,'2020-07-02 02:40:58','2020-07-02 02:40:58'),(208,64,'Set in Order',0,'2020-07-02 02:40:58','2020-07-02 02:40:58'),(209,64,'Standardized',0,'2020-07-02 02:40:59','2020-07-02 02:40:59'),(210,65,'standardized',0,'2020-07-02 02:40:59','2020-07-02 02:40:59'),(211,65,'set in order',0,'2020-07-02 02:40:59','2020-07-02 02:40:59'),(212,65,'sort',1,'2020-07-02 02:40:59','2020-07-02 02:40:59'),(213,65,'shine',0,'2020-07-02 02:40:59','2020-07-02 02:40:59'),(214,66,'sort',0,'2020-07-02 02:40:59','2020-07-02 02:40:59'),(215,66,'set in order',1,'2020-07-02 02:40:59','2020-07-02 02:40:59'),(216,66,'standardized',0,'2020-07-02 02:40:59','2020-07-02 02:40:59'),(217,66,'shine',0,'2020-07-02 02:40:59','2020-07-02 02:40:59'),(218,67,'standardized',1,'2020-07-02 02:40:59','2020-07-02 02:40:59'),(219,67,'set in order',0,'2020-07-02 02:40:59','2020-07-02 02:40:59'),(220,67,'sort',0,'2020-07-02 02:40:59','2020-07-02 02:40:59'),(221,67,'standardized',0,'2020-07-02 02:40:59','2020-07-02 02:40:59'),(222,68,'hard disk',0,'2020-07-02 02:40:59','2020-07-02 02:40:59'),(223,68,'motherboard',1,'2020-07-02 02:40:59','2020-07-02 02:40:59'),(224,68,'heat sink',0,'2020-07-02 02:40:59','2020-07-02 02:40:59'),(225,68,'CPU',0,'2020-07-02 02:40:59','2020-07-02 02:40:59'),(226,69,'ROM',0,'2020-07-02 02:41:00','2020-07-02 02:41:00'),(227,69,'Hard disk',0,'2020-07-02 02:41:00','2020-07-02 02:41:00'),(228,69,'RAM',0,'2020-07-02 02:41:00','2020-07-02 02:41:00'),(229,69,'CPU',0,'2020-07-02 02:41:00','2020-07-02 02:41:00'),(230,70,'processor',1,'2020-07-02 02:41:00','2020-07-02 02:41:00'),(231,70,'heat sink',0,'2020-07-02 02:41:00','2020-07-02 02:41:00'),(232,70,'BIOS',0,'2020-07-02 02:41:00','2020-07-02 02:41:00'),(233,70,'cache memory',0,'2020-07-02 02:41:00','2020-07-02 02:41:00'),(234,71,'CPU clock',0,'2020-07-02 02:41:00','2020-07-02 02:41:00'),(235,71,'cache memory',0,'2020-07-02 02:41:00','2020-07-02 02:41:00'),(236,71,'BIOS',1,'2020-07-02 02:41:00','2020-07-02 02:41:00'),(237,71,'heat sink',0,'2020-07-02 02:41:00','2020-07-02 02:41:00'),(238,72,'Cache memory',1,'2020-07-02 02:41:00','2020-07-02 02:41:00'),(239,72,'Expansion bus',0,'2020-07-02 02:41:00','2020-07-02 02:41:00'),(240,72,'CPU clock',0,'2020-07-02 02:41:00','2020-07-02 02:41:00'),(241,72,'jumper',0,'2020-07-02 02:41:00','2020-07-02 02:41:00'),(242,73,'cache memory',0,'2020-07-02 02:41:00','2020-07-02 02:41:00'),(243,73,'jumper pins',0,'2020-07-02 02:41:00','2020-07-02 02:41:00'),(244,73,'Expansion bus',1,'2020-07-02 02:41:00','2020-07-02 02:41:00'),(245,73,'jumper caps',0,'2020-07-02 02:41:01','2020-07-02 02:41:01'),(246,74,'CPU clock',1,'2020-07-02 02:41:01','2020-07-02 02:41:01'),(247,74,'expansion bus',0,'2020-07-02 02:41:01','2020-07-02 02:41:01'),(248,74,'cache memory',0,'2020-07-02 02:41:01','2020-07-02 02:41:01'),(249,74,'power supply',0,'2020-07-02 02:41:01','2020-07-02 02:41:01'),(250,75,'IDE cable',0,'2020-07-02 02:41:01','2020-07-02 02:41:01'),(251,75,'jumper pins',1,'2020-07-02 02:41:01','2020-07-02 02:41:01'),(252,75,'expansion bus',0,'2020-07-02 02:41:01','2020-07-02 02:41:01'),(253,75,'jumper caps',0,'2020-07-02 02:41:01','2020-07-02 02:41:01'),(254,76,'jumper caps',1,'2020-07-02 02:41:01','2020-07-02 02:41:01'),(255,76,'CPU clock',0,'2020-07-02 02:41:01','2020-07-02 02:41:01'),(256,76,'processor',0,'2020-07-02 02:41:01','2020-07-02 02:41:01'),(257,76,'heat sink',0,'2020-07-02 02:41:01','2020-07-02 02:41:01'),(258,77,'motherboard',0,'2020-07-02 02:41:01','2020-07-02 02:41:01'),(259,77,'power supply',1,'2020-07-02 02:41:02','2020-07-02 02:41:02'),(260,77,'AVR',0,'2020-07-02 02:41:02','2020-07-02 02:41:02'),(261,77,'heat sink',0,'2020-07-02 02:41:02','2020-07-02 02:41:02'),(262,78,'utility software',0,'2020-07-02 02:41:02','2020-07-02 02:41:02'),(263,78,'system software',0,'2020-07-02 02:41:02','2020-07-02 02:41:02'),(264,78,'application software',1,'2020-07-02 02:41:02','2020-07-02 02:41:02'),(265,78,'shareware',0,'2020-07-02 02:41:02','2020-07-02 02:41:02'),(266,79,'AVR',0,'2020-07-02 15:07:30','2020-07-02 15:07:30'),(267,79,'method',0,'2020-07-02 15:07:30','2020-07-02 15:07:30'),(268,79,'computer',1,'2020-07-02 15:07:30','2020-07-02 15:07:30'),(269,79,'None of the above',0,'2020-07-02 15:07:30','2020-07-02 15:07:30'),(270,80,'power supply',1,'2020-07-02 15:08:03','2020-07-02 15:08:03'),(271,80,'power',0,'2020-07-02 15:08:03','2020-07-02 15:08:03'),(272,80,'supply',0,'2020-07-02 15:08:03','2020-07-02 15:08:03'),(273,80,'None of the above',0,'2020-07-02 15:08:03','2020-07-02 15:08:03'),(274,81,'cables',0,'2020-07-02 15:08:39','2020-07-02 15:08:39'),(275,81,'memory',0,'2020-07-02 15:08:39','2020-07-02 15:08:39'),(276,81,'AVR',1,'2020-07-02 15:08:39','2020-07-02 15:08:39'),(277,81,'None of the above',0,'2020-07-02 15:08:39','2020-07-02 15:08:39'),(278,82,'cables',0,'2020-07-02 15:09:21','2020-07-02 15:09:21'),(279,82,'IDE',0,'2020-07-02 15:09:21','2020-07-02 15:09:21'),(280,82,'SATA',1,'2020-07-02 15:09:21','2020-07-02 15:09:21'),(281,82,'AR',0,'2020-07-02 15:09:21','2020-07-02 15:09:21'),(282,83,'button',0,'2020-07-02 15:10:15','2020-07-02 15:10:15'),(283,83,'reset',0,'2020-07-02 15:10:15','2020-07-02 15:10:15'),(284,83,'power button',1,'2020-07-02 15:10:15','2020-07-02 15:10:15'),(285,83,'None of the above',0,'2020-07-02 15:10:15','2020-07-02 15:10:15'),(286,84,'cache',0,'2020-07-02 15:11:01','2020-07-02 15:11:01'),(287,84,'memory',0,'2020-07-02 15:11:01','2020-07-02 15:11:01'),(288,84,'RAM',0,'2020-07-02 15:11:01','2020-07-02 15:11:01'),(289,84,'cache memory',1,'2020-07-02 15:11:02','2020-07-02 15:11:02'),(290,85,'memory',0,'2020-07-02 15:11:46','2020-07-02 15:11:46'),(291,85,'hard disk',1,'2020-07-02 15:11:46','2020-07-02 15:11:46'),(292,85,'plotter',0,'2020-07-02 15:11:46','2020-07-02 15:11:46'),(293,85,'None of the above',0,'2020-07-02 15:11:46','2020-07-02 15:11:46'),(294,86,'hard disk',0,'2020-07-02 15:12:33','2020-07-02 15:12:33'),(295,86,'plotter',1,'2020-07-02 15:12:33','2020-07-02 15:12:33'),(296,86,'read write head',0,'2020-07-02 15:12:33','2020-07-02 15:12:33'),(297,86,'None of the above',0,'2020-07-02 15:12:33','2020-07-02 15:12:33'),(298,87,'slot',1,'2020-07-02 15:14:56','2020-07-02 15:14:56'),(299,87,'hub',0,'2020-07-02 15:14:56','2020-07-02 15:14:56'),(300,87,'card',0,'2020-07-02 15:14:56','2020-07-02 15:14:56'),(301,87,'None of the above',0,'2020-07-02 15:14:56','2020-07-02 15:14:56'),(302,88,'CMOS',0,'2020-07-02 15:15:36','2020-07-02 15:15:36'),(303,88,'RAM',0,'2020-07-02 15:15:36','2020-07-02 15:15:36'),(304,88,'BIOS',1,'2020-07-02 15:15:36','2020-07-02 15:15:36'),(305,88,'ICU',0,'2020-07-02 15:15:36','2020-07-02 15:15:36'),(306,89,'power',1,'2020-07-02 15:48:54','2020-07-02 15:48:54'),(307,89,'cord',0,'2020-07-02 15:48:54','2020-07-02 15:48:54'),(308,89,'program',0,'2020-07-02 15:48:54','2020-07-02 15:48:54'),(309,89,'None of the above',0,'2020-07-02 15:48:54','2020-07-02 15:48:54'),(310,90,'cables',0,'2020-07-02 15:49:35','2020-07-02 15:49:35'),(311,90,'cord',0,'2020-07-02 15:49:35','2020-07-02 15:49:35'),(312,90,'computer',1,'2020-07-02 15:49:35','2020-07-02 15:49:35'),(313,90,'None of the above',0,'2020-07-02 15:49:35','2020-07-02 15:49:35'),(314,91,'USB',0,'2020-07-02 15:51:19','2020-07-02 15:51:19'),(315,91,'CMOS',0,'2020-07-02 15:51:19','2020-07-02 15:51:19'),(316,91,'AVR',1,'2020-07-02 15:51:19','2020-07-02 15:51:19'),(317,91,'None of the above',0,'2020-07-02 15:51:20','2020-07-02 15:51:20'),(318,92,'keyboard',0,'2020-07-02 15:52:24','2020-07-02 15:52:24'),(319,92,'AVR',0,'2020-07-02 15:52:24','2020-07-02 15:52:24'),(320,92,'mouse',1,'2020-07-02 15:52:24','2020-07-02 15:52:24'),(321,92,'None of the above',0,'2020-07-02 15:52:24','2020-07-02 15:52:24'),(322,93,'LED',1,'2020-07-02 15:54:34','2020-07-02 15:54:34'),(323,93,'AVR',0,'2020-07-02 15:54:34','2020-07-02 15:54:34'),(324,93,'power',0,'2020-07-02 15:54:34','2020-07-02 15:54:34'),(325,93,'None of the above',0,'2020-07-02 15:54:34','2020-07-02 15:54:34'),(326,94,'cables',0,'2020-07-02 15:56:02','2020-07-02 15:56:02'),(327,94,'charger',1,'2020-07-02 15:56:02','2020-07-02 15:56:02'),(328,94,'AVR',0,'2020-07-02 15:56:02','2020-07-02 15:56:02'),(329,94,'None of the above',0,'2020-07-02 15:56:02','2020-07-02 15:56:02'),(330,95,'class',0,'2020-07-02 15:56:38','2020-07-02 15:56:38'),(331,95,'method',0,'2020-07-02 15:56:38','2020-07-02 15:56:38'),(332,95,'program',1,'2020-07-02 15:56:38','2020-07-02 15:56:38'),(333,95,'None of the above',0,'2020-07-02 15:56:38','2020-07-02 15:56:38'),(334,96,'method',1,'2020-07-02 15:57:15','2020-07-02 15:57:15'),(335,96,'class',0,'2020-07-02 15:57:15','2020-07-02 15:57:15'),(336,96,'encapsulation',0,'2020-07-02 15:57:15','2020-07-02 15:57:15'),(337,96,'None of the above',0,'2020-07-02 15:57:15','2020-07-02 15:57:15'),(338,97,'inheritance',0,'2020-07-02 15:57:55','2020-07-02 15:57:55'),(339,97,'encapsulation',1,'2020-07-02 15:57:55','2020-07-02 15:57:55'),(340,97,'polymorphism',0,'2020-07-02 15:57:55','2020-07-02 15:57:55'),(341,97,'None of the above',0,'2020-07-02 15:57:55','2020-07-02 15:57:55'),(342,98,'polymorphism',0,'2020-07-02 15:58:37','2020-07-02 15:58:37'),(343,98,'encapsulation',0,'2020-07-02 15:58:37','2020-07-02 15:58:37'),(344,98,'inheritance',1,'2020-07-02 15:58:37','2020-07-02 15:58:37'),(345,98,'None of the above',0,'2020-07-02 15:58:37','2020-07-02 15:58:37'),(346,99,'computer',1,'2020-07-15 12:39:15','2020-07-15 12:39:15'),(347,99,'northbridge',0,'2020-07-15 12:39:15','2020-07-15 12:39:15'),(348,99,'AVR',0,'2020-07-15 12:39:15','2020-07-15 12:39:15'),(349,99,'None of the above',0,'2020-07-15 12:39:15','2020-07-15 12:39:15'),(446,123,'function',1,'2020-07-15 13:39:25','2020-07-15 13:39:25'),(447,123,'method',0,'2020-07-15 13:39:25','2020-07-15 13:39:25'),(448,123,'class',0,'2020-07-15 13:39:25','2020-07-15 13:39:25'),(449,123,'None of the above',0,'2020-07-15 13:39:25','2020-07-15 13:39:25');
/*!40000 ALTER TABLE `question_choices` ENABLE KEYS */;
UNLOCK TABLES;

--
-- Table structure for table `questions`
--

DROP TABLE IF EXISTS `questions`;
/*!40101 SET @saved_cs_client     = @@character_set_client */;
/*!40101 SET character_set_client = utf8 */;
CREATE TABLE `questions` (
  `id` int(10) unsigned NOT NULL AUTO_INCREMENT,
  `exam_part_id` int(11) NOT NULL,
  `examination_id` int(11) NOT NULL,
  `question` longtext COLLATE utf8mb4_unicode_ci NOT NULL,
  `created_at` timestamp NULL DEFAULT NULL,
  `updated_at` timestamp NULL DEFAULT NULL,
  `discrimination_value` double(8,2) NOT NULL DEFAULT '0.00',
  PRIMARY KEY (`id`)
) ENGINE=InnoDB AUTO_INCREMENT=100 DEFAULT CHARSET=utf8mb4 COLLATE=utf8mb4_unicode_ci;
/*!40101 SET character_set_client = @saved_cs_client */;

--
-- Dumping data for table `questions`
--

LOCK TABLES `questions` WRITE;
/*!40000 ALTER TABLE `questions` DISABLE KEYS */;
INSERT INTO `questions` VALUES (1,1,1,'Question no. 1 ans computer','2020-06-02 05:43:46','2020-07-15 14:17:29',0.17),(2,1,1,'Sampe question no. 2 ans polymorphism.','2020-06-02 05:44:35','2020-07-15 14:17:29',0.26),(3,1,1,'Sample  question no. 3 ans inheritance','2020-06-02 05:46:21','2020-07-15 14:17:29',0.35),(4,1,1,'Question no. 4 ans method','2020-06-02 05:47:04','2020-07-15 14:17:29',0.35),(5,1,1,'question no. 5 ans class','2020-06-02 05:47:37','2020-07-15 14:17:29',-0.52),(6,1,1,'Question no. 6 ans function.','2020-06-02 05:48:20','2020-07-15 14:17:29',-0.43),(7,1,1,'Question no. 7 ans program','2020-06-02 05:49:11','2020-07-15 14:17:29',0.35),(8,2,1,'Briefly explain what is encapsulation?10 points','2020-06-02 05:50:16','2020-06-02 05:50:16',0.00),(9,3,2,'Sample question no 1 answer computer','2020-06-02 06:15:49','2020-06-02 06:15:49',0.00),(10,3,2,'Sample question no. 2 hard disk','2020-06-02 06:16:42','2020-06-02 06:16:42',0.00),(11,3,2,'Sample question no. 3 ans cable','2020-06-02 06:17:11','2020-06-02 06:17:11',0.00),(12,3,2,'Sample question no. 4 ans SATA','2020-06-02 06:18:19','2020-06-02 06:18:19',0.00),(13,3,2,'Sample question no. 5 ans AVR','2020-06-02 06:20:33','2020-06-02 06:20:33',0.00),(14,4,2,'Sample question # 1 ans  class','2020-06-02 06:28:15','2020-06-02 06:28:15',0.00),(15,4,2,'Sample question # 2 ans inheritance','2020-06-02 06:29:21','2020-06-02 06:29:21',0.00),(16,4,2,'Sample question no. 3 ans polymorphism','2020-06-02 06:29:48','2020-06-02 06:29:48',0.00),(17,4,2,'Sample question no. 4 and encapsulation','2020-06-02 06:30:31','2020-06-02 06:30:31',0.00),(18,4,2,'Sample question # 5 ans program','2020-06-02 06:31:22','2020-06-02 06:31:22',0.00),(23,7,5,'Sample question number 1 ans program','2020-06-03 06:42:11','2020-06-03 06:42:11',0.00),(24,7,5,'Sample question number 2 ans module','2020-06-03 06:42:35','2020-06-03 06:42:35',0.00),(25,7,5,'Sample question number 3 ans function','2020-06-03 06:43:05','2020-06-03 06:43:05',0.00),(26,7,5,'Sample question number 4 ans polymorphism','2020-06-03 06:43:31','2020-06-03 06:43:31',0.00),(27,7,5,'Sample question number 5 ans inheritance','2020-06-03 06:43:58','2020-06-03 06:43:58',0.00),(28,8,5,'Sample question no 1 ans code','2020-06-03 06:45:53','2020-06-03 06:45:53',0.00),(29,8,5,'sample question no 2  ans  variable','2020-06-03 06:46:27','2020-06-03 06:46:27',0.00),(30,8,5,'Question no. 3 ans data type','2020-06-03 06:47:02','2020-06-03 06:47:02',0.00),(31,9,6,'QUestion number 1 ans program','2020-06-09 15:18:07','2020-06-09 15:18:07',0.00),(32,9,6,'Question number 2 ans computer','2020-06-09 15:18:33','2020-06-09 15:18:33',0.00),(33,9,6,'Question nuber 3 ans method','2020-06-09 15:18:54','2020-06-09 15:18:54',0.00),(64,10,7,'It refers to the process of cleaning up unnecessary data or materials in a regular basis. ','2020-07-02 02:40:57','2020-07-02 02:40:57',0.00),(65,10,7,'It refers to the organization of important data or materials by creating a folder or subfolders for easy retrieval. ','2020-07-02 02:40:59','2020-07-02 02:40:59',0.00),(66,10,7,'It is observe in the 5?s  in the workplace which try to segregate data or materials from those which is frequently used and  for not frequently used. ','2020-07-02 02:40:59','2020-07-02 02:40:59',0.00),(67,10,7,'It refers to integrating storage , retrieval  and cleanup task in a unified process and create a  habitual process of maintenance schedule of files as reference document.','2020-07-02 02:40:59','2020-07-02 02:40:59',0.00),(68,10,7,'It is referring to the main circuit board f the computer where major components that is crucial  for the function of the computer  are attached. ','2020-07-02 02:40:59','2020-07-02 02:40:59',0.00),(69,10,7,'It refers to the computer chips that is responsible for storing dynamic  data to enhance the computer performance while computer is tuned on. ','2020-07-02 02:41:00','2020-07-02 02:41:00',0.00),(70,10,7,'It refers to the brain of the computer that is responsible for manipulating data fetching, decoding  and executing the program.','2020-07-02 02:41:00','2020-07-02 02:41:00',0.00),(71,10,7,'It is a read only memory  which consist of low level software that controls the system hardware  and acts as an  interface between the operating system  and the hardware. ','2020-07-02 02:41:00','2020-07-02 02:41:00',0.00),(72,10,7,'It is a small block of high speed memory that enhances  PC performance  by pre loading  information  from the main memory.','2020-07-02 02:41:00','2020-07-02 02:41:00',0.00),(73,10,7,'It is an input/output  pathway from the CPU to peripheral  devices  and it is typically made up of a series of slots on the motherboard','2020-07-02 02:41:00','2020-07-02 02:41:00',0.00),(74,10,7,'It is a part of the motherboard that synchronizes the operation of all parts of the PC and provides  the basic timing signals for the CPU. ','2020-07-02 02:41:01','2020-07-02 02:41:01',0.00),(75,10,7,'These are small protruding pins on the motherboard that is used to change the configuration of the pins. ','2020-07-02 02:41:01','2020-07-02 02:41:01',0.00),(76,10,7,'These are metal bridges that close an electrical circuits consists of a plastic plug that fits over a pair of protruding pins. ','2020-07-02 02:41:01','2020-07-02 02:41:01',0.00),(77,10,7,'It is an electric  circuit designed to provide  various AC and Dc  voltages for equipment  operation. ','2020-07-02 02:41:01','2020-07-02 02:41:01',0.00),(78,10,7,'It is a software designed to perform specific purpose and serves as the interface between the user and the computer hardware.','2020-07-02 02:41:02','2020-07-02 02:41:02',0.00),(79,11,8,'question num 1 ans computer','2020-07-02 15:07:30','2020-07-02 15:07:30',0.00),(80,11,8,'question num 2 ans power supply','2020-07-02 15:08:03','2020-07-02 15:08:03',0.00),(81,11,8,'question num 3 ans AVR','2020-07-02 15:08:39','2020-07-02 15:08:39',0.00),(82,11,8,'question num4 ans SATA','2020-07-02 15:09:21','2020-07-02 15:09:21',0.00),(83,11,8,'question num 5 ans power button','2020-07-02 15:10:15','2020-07-02 15:10:15',0.00),(84,11,8,'question num 6 ans cache memory','2020-07-02 15:11:01','2020-07-02 15:11:01',0.00),(85,11,8,'question num 7 ans hard disk','2020-07-02 15:11:46','2020-07-02 15:11:46',0.00),(86,11,8,'question num 8 ans plotter','2020-07-02 15:12:33','2020-07-02 15:12:33',0.00),(87,11,8,'question num 9 ans  slot','2020-07-02 15:14:56','2020-07-02 15:14:56',0.00),(88,11,8,'question 10 ans BIOS','2020-07-02 15:15:36','2020-07-02 15:15:36',0.00),(89,12,9,'1 ans power','2020-07-02 15:48:54','2020-07-02 15:48:54',0.00),(90,12,9,'2 ans computer','2020-07-02 15:49:35','2020-07-02 15:49:35',0.00),(91,12,9,'3 ans AVR','2020-07-02 15:51:19','2020-07-02 15:51:19',0.00),(92,12,9,'4 ans mouse','2020-07-02 15:52:24','2020-07-02 15:52:24',0.00),(93,12,9,'5 ans LED','2020-07-02 15:54:34','2020-07-02 15:54:34',0.00),(94,12,9,'6 ans charger','2020-07-02 15:56:02','2020-07-02 15:56:02',0.00),(95,12,9,'7 ans program','2020-07-02 15:56:38','2020-07-02 15:56:38',0.00),(96,12,9,'8 ans method','2020-07-02 15:57:15','2020-07-02 15:57:15',0.00),(97,12,9,'9 ans encapsulation','2020-07-02 15:57:55','2020-07-02 15:57:55',0.00),(98,12,9,'10 ans  inheritance','2020-07-02 15:58:37','2020-07-02 15:58:37',0.00),(99,13,10,'Sample  question no. 3 ans inheritance','2020-07-15 12:39:15','2020-07-15 12:39:15',0.00);
/*!40000 ALTER TABLE `questions` ENABLE KEYS */;
UNLOCK TABLES;

--
-- Table structure for table `rand_choices`
--

DROP TABLE IF EXISTS `rand_choices`;
/*!40101 SET @saved_cs_client     = @@character_set_client */;
/*!40101 SET character_set_client = utf8 */;
CREATE TABLE `rand_choices` (
  `id` int(10) unsigned NOT NULL AUTO_INCREMENT,
  `student_id` int(11) NOT NULL,
  `question_id` int(11) NOT NULL,
  `choice_id` int(11) NOT NULL,
  PRIMARY KEY (`id`)
) ENGINE=InnoDB AUTO_INCREMENT=1799 DEFAULT CHARSET=utf8mb4 COLLATE=utf8mb4_unicode_ci;
/*!40101 SET character_set_client = @saved_cs_client */;

--
-- Dumping data for table `rand_choices`
--

LOCK TABLES `rand_choices` WRITE;
/*!40000 ALTER TABLE `rand_choices` DISABLE KEYS */;
INSERT INTO `rand_choices` VALUES (1,3,2,8),(2,3,2,7),(3,3,2,5),(4,3,2,6),(5,3,5,17),(6,3,5,20),(7,3,5,19),(8,3,5,18),(9,3,6,23),(10,3,6,22),(11,3,6,24),(12,3,6,21),(13,3,1,1),(14,3,1,2),(15,3,1,4),(16,3,1,3),(17,3,3,12),(18,3,3,11),(19,3,3,10),(20,3,3,9),(21,3,4,14),(22,3,4,16),(23,3,4,13),(24,3,4,15),(25,3,7,25),(26,3,7,27),(27,3,7,28),(28,3,7,26),(29,1,4,14),(30,1,4,13),(31,1,4,15),(32,1,4,16),(33,1,7,27),(34,1,7,28),(35,1,7,26),(36,1,7,25),(37,1,2,5),(38,1,2,7),(39,1,2,6),(40,1,2,8),(41,1,6,22),(42,1,6,24),(43,1,6,21),(44,1,6,23),(45,1,5,19),(46,1,5,18),(47,1,5,20),(48,1,5,17),(49,1,3,9),(50,1,3,11),(51,1,3,10),(52,1,3,12),(53,1,1,4),(54,1,1,3),(55,1,1,1),(56,1,1,2),(57,2,7,26),(58,2,7,25),(59,2,7,27),(60,2,7,28),(61,2,1,4),(62,2,1,3),(63,2,1,1),(64,2,1,2),(65,2,4,13),(66,2,4,14),(67,2,4,16),(68,2,4,15),(69,2,3,9),(70,2,3,12),(71,2,3,11),(72,2,3,10),(73,2,5,18),(74,2,5,19),(75,2,5,20),(76,2,5,17),(77,2,2,7),(78,2,2,8),(79,2,2,6),(80,2,2,5),(81,2,6,22),(82,2,6,23),(83,2,6,21),(84,2,6,24),(85,1,14,40),(86,1,14,41),(87,1,16,44),(88,1,16,45),(89,1,15,42),(90,1,15,43),(91,1,18,48),(92,1,18,49),(93,1,17,46),(94,1,17,47),(95,2,14,40),(96,2,14,41),(97,2,16,44),(98,2,16,45),(99,2,17,46),(100,2,17,47),(101,2,15,42),(102,2,15,43),(103,2,18,48),(104,2,18,49),(105,3,15,42),(106,3,15,43),(107,3,14,40),(108,3,14,41),(109,3,16,44),(110,3,16,45),(111,3,18,48),(112,3,18,49),(113,3,17,46),(114,3,17,47),(115,5,3,9),(116,5,3,10),(117,5,3,11),(118,5,3,12),(119,5,5,20),(120,5,5,18),(121,5,5,19),(122,5,5,17),(123,5,2,5),(124,5,2,8),(125,5,2,7),(126,5,2,6),(127,5,4,16),(128,5,4,14),(129,5,4,15),(130,5,4,13),(131,5,6,22),(132,5,6,24),(133,5,6,23),(134,5,6,21),(135,5,1,3),(136,5,1,1),(137,5,1,2),(138,5,1,4),(139,5,7,25),(140,5,7,28),(141,5,7,26),(142,5,7,27),(143,9,16,44),(144,9,16,45),(145,9,18,48),(146,9,18,49),(147,9,17,46),(148,9,17,47),(149,9,15,42),(150,9,15,43),(151,9,14,40),(152,9,14,41),(153,10,17,46),(154,10,17,47),(155,10,16,44),(156,10,16,45),(157,10,18,48),(158,10,18,49),(159,10,15,42),(160,10,15,43),(161,10,14,40),(162,10,14,41),(163,10,25,70),(164,10,25,71),(165,10,27,74),(166,10,27,75),(167,10,26,72),(168,10,26,73),(169,10,24,68),(170,10,24,69),(171,10,23,66),(172,10,23,67),(173,4,23,66),(174,4,23,67),(175,4,25,70),(176,4,25,71),(177,4,24,68),(178,4,24,69),(179,4,27,74),(180,4,27,75),(181,4,26,72),(182,4,26,73),(183,6,31,82),(184,6,32,83),(185,6,32,84),(186,6,33,85),(187,24,66,214),(188,24,66,215),(189,24,66,216),(190,24,66,217),(191,24,70,231),(192,24,70,232),(193,24,70,230),(194,24,70,233),(195,24,68,225),(196,24,68,223),(197,24,68,224),(198,24,68,222),(199,24,64,207),(200,24,64,206),(201,24,64,208),(202,24,64,209),(203,24,72,238),(204,24,72,240),(205,24,72,241),(206,24,72,239),(207,24,67,219),(208,24,67,221),(209,24,67,220),(210,24,67,218),(211,24,77,261),(212,24,77,260),(213,24,77,259),(214,24,77,258),(215,24,71,235),(216,24,71,236),(217,24,71,237),(218,24,71,234),(219,24,65,210),(220,24,65,211),(221,24,65,212),(222,24,65,213),(223,24,75,250),(224,24,75,253),(225,24,75,252),(226,24,75,251),(227,24,78,263),(228,24,78,262),(229,24,78,264),(230,24,78,265),(231,24,69,229),(232,24,69,226),(233,24,69,227),(234,24,69,228),(235,24,73,242),(236,24,73,244),(237,24,73,243),(238,24,73,245),(239,24,76,257),(240,24,76,254),(241,24,76,256),(242,24,76,255),(243,24,74,247),(244,24,74,248),(245,24,74,249),(246,24,74,246),(247,26,78,265),(248,26,78,263),(249,26,78,262),(250,26,78,264),(251,26,77,260),(252,26,77,261),(253,26,77,258),(254,26,77,259),(255,26,68,223),(256,26,68,222),(257,26,68,225),(258,26,68,224),(259,26,76,255),(260,26,76,254),(261,26,76,256),(262,26,76,257),(263,26,66,216),(264,26,66,215),(265,26,66,214),(266,26,66,217),(267,26,72,238),(268,26,72,241),(269,26,72,240),(270,26,72,239),(271,26,64,208),(272,26,64,207),(273,26,64,206),(274,26,64,209),(275,26,69,226),(276,26,69,229),(277,26,69,227),(278,26,69,228),(279,26,65,211),(280,26,65,210),(281,26,65,213),(282,26,65,212),(283,26,73,244),(284,26,73,243),(285,26,73,245),(286,26,73,242),(287,26,74,249),(288,26,74,248),(289,26,74,247),(290,26,74,246),(291,26,70,231),(292,26,70,233),(293,26,70,230),(294,26,70,232),(295,26,71,234),(296,26,71,237),(297,26,71,236),(298,26,71,235),(299,26,67,219),(300,26,67,221),(301,26,67,220),(302,26,67,218),(303,26,75,253),(304,26,75,252),(305,26,75,250),(306,26,75,251),(307,25,69,226),(308,25,69,228),(309,25,69,227),(310,25,69,229),(311,25,70,231),(312,25,70,232),(313,25,70,230),(314,25,70,233),(315,25,67,219),(316,25,67,218),(317,25,67,221),(318,25,67,220),(319,25,66,217),(320,25,66,214),(321,25,66,215),(322,25,66,216),(323,25,65,210),(324,25,65,212),(325,25,65,213),(326,25,65,211),(327,25,68,224),(328,25,68,225),(329,25,68,222),(330,25,68,223),(331,25,75,252),(332,25,75,250),(333,25,75,251),(334,25,75,253),(335,25,72,238),(336,25,72,239),(337,25,72,240),(338,25,72,241),(339,25,76,256),(340,25,76,254),(341,25,76,255),(342,25,76,257),(343,25,64,209),(344,25,64,208),(345,25,64,207),(346,25,64,206),(347,25,73,243),(348,25,73,242),(349,25,73,244),(350,25,73,245),(351,25,71,236),(352,25,71,237),(353,25,71,235),(354,25,71,234),(355,25,77,259),(356,25,77,258),(357,25,77,261),(358,25,77,260),(359,25,74,249),(360,25,74,248),(361,25,74,246),(362,25,74,247),(363,25,78,265),(364,25,78,262),(365,25,78,263),(366,25,78,264),(367,27,78,264),(368,27,78,265),(369,27,78,263),(370,27,78,262),(371,27,73,243),(372,27,73,245),(373,27,73,244),(374,27,73,242),(375,27,77,259),(376,27,77,260),(377,27,77,261),(378,27,77,258),(379,27,66,214),(380,27,66,217),(381,27,66,215),(382,27,66,216),(383,27,71,237),(384,27,71,235),(385,27,71,236),(386,27,71,234),(387,27,65,211),(388,27,65,210),(389,27,65,212),(390,27,65,213),(391,27,70,232),(392,27,70,233),(393,27,70,231),(394,27,70,230),(395,27,67,220),(396,27,67,221),(397,27,67,219),(398,27,67,218),(399,27,72,238),(400,27,72,240),(401,27,72,239),(402,27,72,241),(403,27,74,249),(404,27,74,247),(405,27,74,246),(406,27,74,248),(407,27,76,257),(408,27,76,254),(409,27,76,256),(410,27,76,255),(411,27,64,209),(412,27,64,206),(413,27,64,207),(414,27,64,208),(415,27,69,226),(416,27,69,228),(417,27,69,227),(418,27,69,229),(419,27,75,252),(420,27,75,253),(421,27,75,250),(422,27,75,251),(423,27,68,225),(424,27,68,222),(425,27,68,224),(426,27,68,223),(427,11,6,21),(428,11,6,24),(429,11,6,23),(430,11,6,22),(431,11,3,9),(432,11,3,11),(433,11,3,12),(434,11,3,10),(435,11,1,3),(436,11,1,4),(437,11,1,2),(438,11,1,1),(439,11,2,6),(440,11,2,5),(441,11,2,8),(442,11,2,7),(443,11,5,19),(444,11,5,17),(445,11,5,20),(446,11,5,18),(447,11,4,14),(448,11,4,13),(449,11,4,16),(450,11,4,15),(451,11,7,25),(452,11,7,26),(453,11,7,27),(454,11,7,28),(455,7,5,20),(456,7,5,19),(457,7,5,17),(458,7,5,18),(459,7,4,16),(460,7,4,15),(461,7,4,14),(462,7,4,13),(463,7,6,22),(464,7,6,21),(465,7,6,23),(466,7,6,24),(467,7,7,25),(468,7,7,27),(469,7,7,28),(470,7,7,26),(471,7,3,10),(472,7,3,9),(473,7,3,11),(474,7,3,12),(475,7,1,1),(476,7,1,3),(477,7,1,2),(478,7,1,4),(479,7,2,5),(480,7,2,7),(481,7,2,6),(482,7,2,8),(483,32,67,218),(484,32,67,221),(485,32,67,219),(486,32,67,220),(487,32,76,255),(488,32,76,256),(489,32,76,254),(490,32,76,257),(491,32,68,223),(492,32,68,225),(493,32,68,224),(494,32,68,222),(495,32,73,242),(496,32,73,244),(497,32,73,243),(498,32,73,245),(499,32,74,248),(500,32,74,246),(501,32,74,249),(502,32,74,247),(503,32,78,265),(504,32,78,262),(505,32,78,263),(506,32,78,264),(507,32,77,261),(508,32,77,259),(509,32,77,258),(510,32,77,260),(511,32,75,253),(512,32,75,251),(513,32,75,252),(514,32,75,250),(515,32,65,212),(516,32,65,213),(517,32,65,211),(518,32,65,210),(519,32,70,231),(520,32,70,232),(521,32,70,230),(522,32,70,233),(523,32,72,240),(524,32,72,239),(525,32,72,238),(526,32,72,241),(527,32,69,229),(528,32,69,228),(529,32,69,226),(530,32,69,227),(531,32,71,235),(532,32,71,234),(533,32,71,237),(534,32,71,236),(535,32,64,208),(536,32,64,206),(537,32,64,207),(538,32,64,209),(539,32,66,217),(540,32,66,215),(541,32,66,216),(542,32,66,214),(543,33,70,231),(544,33,70,232),(545,33,70,230),(546,33,70,233),(547,33,75,251),(548,33,75,250),(549,33,75,253),(550,33,75,252),(551,33,72,241),(552,33,72,239),(553,33,72,238),(554,33,72,240),(555,33,78,262),(556,33,78,264),(557,33,78,265),(558,33,78,263),(559,33,64,209),(560,33,64,208),(561,33,64,206),(562,33,64,207),(563,33,76,256),(564,33,76,254),(565,33,76,255),(566,33,76,257),(567,33,68,222),(568,33,68,225),(569,33,68,223),(570,33,68,224),(571,33,65,210),(572,33,65,213),(573,33,65,211),(574,33,65,212),(575,33,67,221),(576,33,67,218),(577,33,67,220),(578,33,67,219),(579,33,71,235),(580,33,71,234),(581,33,71,236),(582,33,71,237),(583,33,74,248),(584,33,74,247),(585,33,74,246),(586,33,74,249),(587,33,73,242),(588,33,73,245),(589,33,73,243),(590,33,73,244),(591,33,66,214),(592,33,66,217),(593,33,66,216),(594,33,66,215),(595,33,77,258),(596,33,77,259),(597,33,77,261),(598,33,77,260),(599,33,69,227),(600,33,69,226),(601,33,69,228),(602,33,69,229),(603,24,79,266),(604,24,79,268),(605,24,79,269),(606,24,79,267),(607,24,88,305),(608,24,88,304),(609,24,88,303),(610,24,88,302),(611,24,84,287),(612,24,84,289),(613,24,84,286),(614,24,84,288),(615,24,85,291),(616,24,85,292),(617,24,85,293),(618,24,85,290),(619,24,81,274),(620,24,81,276),(621,24,81,275),(622,24,81,277),(623,24,83,283),(624,24,83,285),(625,24,83,282),(626,24,83,284),(627,24,87,298),(628,24,87,300),(629,24,87,301),(630,24,87,299),(631,24,80,272),(632,24,80,270),(633,24,80,271),(634,24,80,273),(635,24,86,294),(636,24,86,295),(637,24,86,297),(638,24,86,296),(639,24,82,280),(640,24,82,278),(641,24,82,281),(642,24,82,279),(643,26,80,273),(644,26,80,272),(645,26,80,270),(646,26,80,271),(647,26,79,268),(648,26,79,266),(649,26,79,267),(650,26,79,269),(651,26,81,275),(652,26,81,277),(653,26,81,276),(654,26,81,274),(655,26,82,279),(656,26,82,280),(657,26,82,281),(658,26,82,278),(659,26,86,297),(660,26,86,296),(661,26,86,295),(662,26,86,294),(663,26,84,287),(664,26,84,289),(665,26,84,286),(666,26,84,288),(667,26,85,293),(668,26,85,291),(669,26,85,292),(670,26,85,290),(671,26,88,303),(672,26,88,302),(673,26,88,304),(674,26,88,305),(675,26,87,301),(676,26,87,300),(677,26,87,298),(678,26,87,299),(679,26,83,285),(680,26,83,284),(681,26,83,283),(682,26,83,282),(719,25,84,287),(720,25,84,289),(721,25,84,288),(722,25,84,286),(723,25,81,277),(724,25,81,275),(725,25,81,276),(726,25,81,274),(727,25,79,269),(728,25,79,268),(729,25,79,266),(730,25,79,267),(731,25,86,296),(732,25,86,294),(733,25,86,295),(734,25,86,297),(735,25,84,288),(736,25,84,286),(737,25,84,287),(738,25,84,289),(739,25,82,278),(740,25,82,280),(741,25,82,279),(742,25,82,281),(743,25,83,284),(744,25,83,282),(745,25,83,283),(746,25,83,285),(747,25,88,303),(748,25,88,304),(749,25,88,302),(750,25,88,305),(751,25,85,292),(752,25,85,291),(753,25,85,293),(754,25,85,290),(755,25,80,270),(756,25,80,271),(757,25,80,273),(758,25,80,272),(759,25,87,299),(760,25,87,298),(761,25,87,300),(762,25,87,301),(763,27,79,268),(764,27,79,266),(765,27,79,267),(766,27,79,269),(767,27,87,301),(768,27,87,300),(769,27,87,298),(770,27,87,299),(771,27,83,282),(772,27,83,285),(773,27,83,283),(774,27,83,284),(775,27,81,276),(776,27,81,274),(777,27,81,275),(778,27,81,277),(779,27,82,280),(780,27,82,281),(781,27,82,279),(782,27,82,278),(783,27,86,295),(784,27,86,294),(785,27,86,297),(786,27,86,296),(787,27,80,272),(788,27,80,271),(789,27,80,273),(790,27,80,270),(791,27,84,289),(792,27,84,287),(793,27,84,288),(794,27,84,286),(795,27,85,292),(796,27,85,291),(797,27,85,293),(798,27,85,290),(799,27,88,304),(800,27,88,303),(801,27,88,305),(802,27,88,302),(803,28,84,288),(804,28,84,287),(805,28,84,289),(806,28,84,286),(807,28,80,272),(808,28,80,270),(809,28,80,271),(810,28,80,273),(811,28,86,297),(812,28,86,294),(813,28,86,296),(814,28,86,295),(815,28,87,299),(816,28,87,301),(817,28,87,298),(818,28,87,300),(819,28,79,268),(820,28,79,267),(821,28,79,266),(822,28,79,269),(823,28,81,275),(824,28,81,276),(825,28,81,274),(826,28,81,277),(827,28,83,282),(828,28,83,285),(829,28,83,284),(830,28,83,283),(831,28,82,281),(832,28,82,278),(833,28,82,279),(834,28,82,280),(835,28,85,290),(836,28,85,292),(837,28,85,291),(838,28,85,293),(839,28,88,304),(840,28,88,303),(841,28,88,305),(842,28,88,302),(843,29,87,300),(844,29,87,298),(845,29,87,301),(846,29,87,299),(847,29,79,267),(848,29,79,266),(849,29,79,269),(850,29,79,268),(851,29,88,304),(852,29,88,303),(853,29,88,305),(854,29,88,302),(855,29,86,294),(856,29,86,297),(857,29,86,295),(858,29,86,296),(859,29,80,271),(860,29,80,273),(861,29,80,272),(862,29,80,270),(863,29,84,288),(864,29,84,287),(865,29,84,289),(866,29,84,286),(867,29,85,293),(868,29,85,291),(869,29,85,290),(870,29,85,292),(871,29,81,274),(872,29,81,276),(873,29,81,275),(874,29,81,277),(875,29,83,285),(876,29,83,282),(877,29,83,284),(878,29,83,283),(879,29,82,280),(880,29,82,278),(881,29,82,279),(882,29,82,281),(883,25,96,337),(884,25,96,335),(885,25,96,336),(886,25,96,334),(887,25,98,342),(888,25,98,344),(889,25,98,345),(890,25,98,343),(891,25,89,306),(892,25,89,309),(893,25,89,308),(894,25,89,307),(895,25,93,322),(896,25,93,324),(897,25,93,323),(898,25,93,325),(899,25,97,338),(900,25,97,341),(901,25,97,340),(902,25,97,339),(903,25,94,327),(904,25,94,328),(905,25,94,329),(906,25,94,326),(907,25,92,318),(908,25,92,321),(909,25,92,319),(910,25,92,320),(911,25,90,312),(912,25,90,313),(913,25,90,310),(914,25,90,311),(915,24,93,325),(916,25,95,333),(917,24,93,324),(918,25,95,331),(919,24,93,322),(920,25,95,330),(921,24,93,323),(922,25,95,332),(923,24,90,312),(924,25,91,314),(925,24,90,310),(926,25,91,316),(927,24,90,313),(928,25,91,317),(929,24,90,311),(930,25,91,315),(931,24,92,320),(932,24,92,318),(933,24,92,321),(934,24,92,319),(935,24,91,314),(936,24,91,317),(937,24,91,315),(938,24,91,316),(939,24,95,331),(940,24,95,332),(941,24,95,330),(942,24,95,333),(943,24,97,340),(944,24,97,339),(945,24,97,338),(946,24,97,341),(947,24,94,328),(948,24,94,329),(949,24,94,326),(950,24,94,327),(951,24,89,309),(952,24,89,306),(953,24,89,308),(954,24,89,307),(955,24,98,342),(956,24,98,345),(957,24,98,344),(958,24,98,343),(959,24,96,335),(960,24,96,336),(961,24,96,337),(962,24,96,334),(963,26,92,319),(964,26,92,318),(965,26,92,321),(966,26,92,320),(967,26,96,336),(968,26,96,334),(969,26,96,337),(970,26,96,335),(971,26,89,309),(972,26,89,307),(973,26,89,306),(974,26,89,308),(975,26,93,324),(976,26,93,325),(977,26,93,323),(978,26,93,322),(979,26,98,343),(980,26,98,345),(981,26,98,342),(982,26,98,344),(983,26,94,326),(984,27,91,314),(985,26,94,327),(986,27,91,316),(987,26,94,329),(988,27,91,315),(989,26,94,328),(990,27,91,317),(991,26,97,340),(992,27,92,318),(993,26,97,339),(994,27,92,320),(995,26,97,338),(996,27,92,321),(997,26,97,341),(998,27,92,319),(999,26,91,316),(1000,27,93,322),(1001,26,91,315),(1002,27,93,325),(1003,26,91,314),(1004,27,93,324),(1005,26,91,317),(1006,27,93,323),(1007,26,95,330),(1008,27,95,331),(1009,26,95,332),(1010,27,95,333),(1011,26,95,333),(1012,27,95,332),(1013,26,95,331),(1014,27,95,330),(1015,26,90,313),(1016,27,89,306),(1017,26,90,311),(1018,27,89,309),(1019,26,90,310),(1020,27,89,308),(1021,26,90,312),(1022,27,89,307),(1023,27,97,338),(1024,27,97,339),(1025,27,97,341),(1026,27,97,340),(1027,27,98,344),(1028,27,98,342),(1029,27,98,345),(1030,27,98,343),(1031,27,90,313),(1032,27,90,312),(1033,27,90,310),(1034,27,90,311),(1035,27,96,334),(1036,27,96,337),(1037,27,96,335),(1038,27,96,336),(1039,27,94,329),(1040,27,94,328),(1041,27,94,326),(1042,27,94,327),(1043,28,95,330),(1044,28,95,333),(1045,28,95,332),(1046,28,95,331),(1047,28,90,313),(1048,28,90,312),(1049,28,90,311),(1050,28,90,310),(1051,28,92,319),(1052,28,92,321),(1053,28,92,320),(1054,28,92,318),(1055,28,96,334),(1056,28,96,337),(1057,28,96,336),(1058,28,96,335),(1059,28,98,342),(1060,28,98,343),(1061,28,98,345),(1062,28,98,344),(1063,28,91,316),(1064,28,91,315),(1065,28,91,314),(1066,28,91,317),(1067,28,97,341),(1068,28,97,340),(1069,28,97,338),(1070,28,97,339),(1071,28,93,323),(1072,28,93,325),(1073,28,93,322),(1074,28,93,324),(1075,28,89,306),(1076,28,89,309),(1077,28,89,308),(1078,28,89,307),(1079,28,94,329),(1080,28,94,328),(1081,28,94,327),(1082,28,94,326),(1083,30,94,329),(1084,30,94,327),(1085,30,94,326),(1086,30,94,328),(1087,30,91,314),(1088,30,91,317),(1089,30,91,315),(1090,30,91,316),(1091,30,90,311),(1092,30,90,312),(1093,30,90,313),(1094,30,90,310),(1095,30,89,308),(1096,30,89,309),(1097,30,89,306),(1098,30,89,307),(1099,30,92,321),(1100,30,92,318),(1101,30,92,320),(1102,30,92,319),(1103,30,93,323),(1104,30,93,324),(1105,30,93,325),(1106,29,95,331),(1107,30,93,322),(1108,29,95,332),(1109,29,95,333),(1110,30,96,335),(1111,29,95,330),(1112,30,96,337),(1113,29,98,342),(1114,30,96,336),(1115,29,98,345),(1116,30,96,334),(1117,29,98,344),(1118,29,98,343),(1119,30,97,340),(1120,30,97,341),(1121,29,97,338),(1122,30,97,338),(1123,29,97,340),(1124,30,97,339),(1125,29,97,341),(1126,29,97,339),(1127,30,98,342),(1128,30,98,344),(1129,29,96,335),(1130,30,98,343),(1131,29,96,336),(1132,30,98,345),(1133,29,96,337),(1134,30,95,332),(1135,30,95,333),(1136,29,96,334),(1137,30,95,331),(1138,30,95,330),(1139,29,89,309),(1140,29,89,306),(1141,29,89,307),(1142,29,89,308),(1143,29,90,312),(1144,29,90,311),(1145,29,90,310),(1146,29,90,313),(1147,29,94,329),(1148,29,94,328),(1149,29,94,327),(1150,29,94,326),(1151,29,91,314),(1152,29,91,315),(1153,29,91,317),(1154,29,91,316),(1155,29,92,321),(1156,29,92,320),(1157,29,92,318),(1158,29,92,319),(1159,29,93,322),(1160,29,93,325),(1161,29,93,324),(1162,29,93,323),(1163,32,96,334),(1164,32,96,337),(1165,32,96,335),(1166,32,96,336),(1167,32,98,344),(1168,32,98,342),(1169,32,98,345),(1170,32,98,343),(1171,32,89,306),(1172,32,89,308),(1173,32,89,307),(1174,32,89,309),(1175,32,92,321),(1176,32,92,320),(1177,32,92,319),(1178,32,92,318),(1179,32,91,314),(1180,32,91,316),(1181,32,91,315),(1182,32,91,317),(1183,32,95,331),(1184,32,95,333),(1185,32,95,330),(1186,32,95,332),(1187,32,93,323),(1188,32,93,324),(1189,32,93,322),(1190,32,93,325),(1191,32,97,338),(1192,32,97,340),(1193,32,97,339),(1194,32,97,341),(1195,32,94,326),(1196,32,94,327),(1197,32,94,328),(1198,32,94,329),(1199,32,90,313),(1200,32,90,310),(1201,32,90,312),(1202,32,90,311),(1203,34,98,342),(1204,34,98,345),(1205,34,98,343),(1206,34,98,344),(1207,34,95,333),(1208,34,95,331),(1209,34,95,332),(1210,34,95,330),(1211,34,91,314),(1212,34,91,316),(1213,34,91,315),(1214,34,91,317),(1215,34,96,336),(1216,34,96,335),(1217,34,96,337),(1218,34,96,334),(1219,34,97,339),(1220,34,97,341),(1221,34,97,338),(1222,34,97,340),(1223,34,90,313),(1224,34,90,310),(1225,34,90,312),(1226,34,90,311),(1227,34,92,318),(1228,34,92,320),(1229,34,92,321),(1230,34,92,319),(1231,34,93,323),(1232,34,93,322),(1233,34,93,324),(1234,34,93,325),(1235,34,89,306),(1236,34,89,309),(1237,34,89,307),(1238,34,89,308),(1239,34,94,327),(1240,34,94,326),(1241,34,94,328),(1242,34,94,329),(1243,35,89,306),(1244,35,89,308),(1245,35,89,307),(1246,35,89,309),(1247,35,90,311),(1248,35,90,313),(1249,35,90,312),(1250,35,90,310),(1251,35,97,340),(1252,35,97,338),(1253,35,97,339),(1254,35,97,341),(1255,35,95,330),(1256,35,95,331),(1257,35,95,333),(1258,35,95,332),(1259,35,98,343),(1260,36,98,342),(1261,35,98,345),(1262,36,98,345),(1263,35,98,342),(1264,36,98,344),(1265,35,98,344),(1266,36,98,343),(1267,35,94,328),(1268,36,92,321),(1269,35,94,329),(1270,36,92,318),(1271,35,94,326),(1272,36,92,320),(1273,35,94,327),(1274,36,92,319),(1275,35,91,316),(1276,36,96,334),(1277,35,91,317),(1278,36,96,335),(1279,35,91,315),(1280,36,96,336),(1281,35,91,314),(1282,36,96,337),(1283,35,96,336),(1284,36,94,327),(1285,35,96,334),(1286,36,94,326),(1287,35,96,337),(1288,36,94,329),(1289,35,96,335),(1290,36,94,328),(1291,35,92,320),(1292,36,91,315),(1293,35,92,321),(1294,36,91,317),(1295,35,92,318),(1296,36,91,316),(1297,35,92,319),(1298,36,91,314),(1299,35,93,323),(1300,36,93,324),(1301,35,93,325),(1302,36,93,322),(1303,35,93,324),(1304,36,93,323),(1305,35,93,322),(1306,36,93,325),(1307,36,89,306),(1308,36,89,308),(1309,36,89,309),(1310,36,89,307),(1311,36,90,311),(1312,36,90,310),(1313,36,90,312),(1314,36,90,313),(1315,36,97,340),(1316,36,97,341),(1317,36,97,338),(1318,36,97,339),(1319,36,95,332),(1320,36,95,333),(1321,36,95,330),(1322,36,95,331),(1323,10,4,14),(1324,10,4,15),(1325,10,4,16),(1326,10,4,13),(1327,10,5,18),(1328,10,5,19),(1329,10,5,17),(1330,10,5,20),(1331,10,6,21),(1332,10,6,22),(1333,10,6,24),(1334,10,6,23),(1335,10,1,4),(1336,10,1,2),(1337,10,1,3),(1338,10,1,1),(1339,10,2,6),(1340,10,2,7),(1341,10,2,8),(1342,10,2,5),(1343,10,7,26),(1344,10,7,28),(1345,10,7,27),(1346,10,7,25),(1347,10,3,9),(1348,10,3,12),(1349,10,3,10),(1350,10,3,11),(1351,12,4,15),(1352,12,4,14),(1353,12,4,13),(1354,12,4,16),(1355,12,2,5),(1356,12,2,6),(1357,12,2,8),(1358,12,2,7),(1359,12,7,28),(1360,12,7,27),(1361,12,7,25),(1362,12,7,26),(1363,12,6,24),(1364,12,6,23),(1365,12,6,22),(1366,12,6,21),(1367,12,3,9),(1368,12,3,10),(1369,12,3,12),(1370,12,3,11),(1371,12,1,1),(1372,12,1,3),(1373,12,1,2),(1374,12,1,4),(1375,12,5,19),(1376,12,5,18),(1377,12,5,20),(1378,12,5,17),(1379,13,4,13),(1380,13,4,15),(1381,13,4,14),(1382,13,4,16),(1383,13,7,26),(1384,13,7,27),(1385,13,7,28),(1386,13,7,25),(1387,13,5,18),(1388,13,5,19),(1389,13,5,17),(1390,13,5,20),(1391,13,2,5),(1392,13,2,7),(1393,13,2,8),(1394,13,2,6),(1395,13,3,10),(1396,13,3,9),(1397,13,3,12),(1398,13,3,11),(1399,13,6,22),(1400,13,6,21),(1401,13,6,24),(1402,13,6,23),(1403,13,1,3),(1404,13,1,2),(1405,13,1,1),(1406,13,1,4),(1407,14,4,14),(1408,14,4,16),(1409,14,4,15),(1410,14,4,13),(1411,14,6,24),(1412,14,6,22),(1413,14,6,23),(1414,14,6,21),(1415,14,2,8),(1416,14,2,6),(1417,14,2,7),(1418,14,2,5),(1419,14,1,3),(1420,14,1,1),(1421,14,1,2),(1422,14,1,4),(1423,14,7,26),(1424,14,7,25),(1425,14,7,28),(1426,14,7,27),(1427,14,3,10),(1428,14,3,12),(1429,14,3,9),(1430,14,3,11),(1431,14,5,17),(1432,14,5,19),(1433,14,5,18),(1434,14,5,20),(1435,4,4,14),(1436,4,4,16),(1437,4,4,15),(1438,4,4,13),(1439,4,7,27),(1440,4,7,28),(1441,4,7,26),(1442,4,7,25),(1443,4,2,5),(1444,4,2,7),(1445,4,2,8),(1446,4,2,6),(1447,4,3,12),(1448,4,3,10),(1449,4,3,9),(1450,4,3,11),(1451,4,5,18),(1452,4,5,20),(1453,4,5,19),(1454,4,5,17),(1455,4,1,4),(1456,4,1,1),(1457,4,1,3),(1458,4,1,2),(1459,4,6,22),(1460,4,6,21),(1461,4,6,24),(1462,4,6,23),(1463,6,5,17),(1464,6,5,18),(1465,6,5,19),(1466,6,5,20),(1467,6,4,13),(1468,6,4,16),(1469,6,4,14),(1470,6,4,15),(1471,6,6,22),(1472,6,6,23),(1473,6,6,21),(1474,6,6,24),(1475,6,2,7),(1476,6,2,8),(1477,6,2,6),(1478,6,2,5),(1479,6,7,25),(1480,6,7,27),(1481,6,7,26),(1482,6,7,28),(1483,6,1,2),(1484,6,1,1),(1485,6,1,4),(1486,6,1,3),(1487,6,3,9),(1488,6,3,10),(1489,6,3,11),(1490,6,3,12),(1491,8,1,3),(1492,8,1,1),(1493,8,1,2),(1494,8,1,4),(1495,8,6,21),(1496,8,6,23),(1497,8,6,22),(1498,8,6,24),(1499,8,2,6),(1500,8,2,7),(1501,8,2,8),(1502,8,2,5),(1503,8,4,16),(1504,8,4,14),(1505,8,4,13),(1506,8,4,15),(1507,8,7,28),(1508,8,7,25),(1509,8,7,26),(1510,8,7,27),(1511,8,3,11),(1512,8,3,10),(1513,8,3,12),(1514,8,3,9),(1515,8,5,20),(1516,8,5,19),(1517,8,5,17),(1518,8,5,18),(1519,9,1,2),(1520,9,1,3),(1521,9,1,1),(1522,9,1,4),(1523,9,4,14),(1524,9,4,16),(1525,9,4,13),(1526,9,4,15),(1527,9,7,25),(1528,9,7,26),(1529,9,7,28),(1530,9,7,27),(1531,9,5,18),(1532,9,5,19),(1533,9,5,20),(1534,9,5,17),(1535,9,2,6),(1536,9,2,7),(1537,9,2,5),(1538,9,2,8),(1539,9,6,22),(1540,9,6,23),(1541,9,6,24),(1542,9,6,21),(1543,9,3,11),(1544,9,3,9),(1545,9,3,12),(1546,9,3,10),(1547,15,4,14),(1548,15,4,15),(1549,15,4,16),(1550,15,4,13),(1551,15,3,10),(1552,15,3,11),(1553,15,3,12),(1554,15,3,9),(1555,15,2,5),(1556,15,2,6),(1557,15,2,8),(1558,15,2,7),(1559,15,5,18),(1560,15,5,19),(1561,15,5,20),(1562,15,5,17),(1563,15,1,4),(1564,15,1,2),(1565,15,1,3),(1566,15,1,1),(1567,15,7,28),(1568,15,7,25),(1569,15,7,26),(1570,15,7,27),(1571,15,6,22),(1572,15,6,21),(1573,15,6,24),(1574,15,6,23),(1575,16,1,3),(1576,16,1,1),(1577,16,1,2),(1578,16,1,4),(1579,16,5,18),(1580,16,5,19),(1581,16,5,17),(1582,16,5,20),(1583,16,6,24),(1584,16,6,23),(1585,16,6,22),(1586,16,6,21),(1587,16,3,10),(1588,16,3,11),(1589,16,3,9),(1590,16,3,12),(1591,16,4,14),(1592,16,4,15),(1593,16,4,13),(1594,16,4,16),(1595,16,7,28),(1596,16,7,27),(1597,16,7,26),(1598,16,7,25),(1599,16,2,6),(1600,16,2,8),(1601,16,2,5),(1602,16,2,7),(1603,17,7,27),(1604,17,7,26),(1605,17,7,28),(1606,17,7,25),(1607,17,3,11),(1608,17,3,9),(1609,17,3,12),(1610,17,3,10),(1611,17,6,23),(1612,17,6,24),(1613,17,6,22),(1614,17,6,21),(1615,17,1,4),(1616,17,1,2),(1617,17,1,1),(1618,17,1,3),(1619,17,5,18),(1620,17,5,17),(1621,17,5,19),(1622,17,5,20),(1623,17,2,5),(1624,17,2,8),(1625,17,2,7),(1626,17,2,6),(1627,17,4,13),(1628,17,4,15),(1629,17,4,16),(1630,17,4,14),(1631,18,7,26),(1632,18,7,25),(1633,18,7,27),(1634,18,7,28),(1635,18,1,1),(1636,18,1,4),(1637,18,1,2),(1638,18,1,3),(1639,18,3,11),(1640,18,3,12),(1641,18,3,9),(1642,18,3,10),(1643,18,2,8),(1644,18,2,6),(1645,18,2,7),(1646,18,2,5),(1647,18,5,20),(1648,18,5,18),(1649,18,5,19),(1650,18,5,17),(1651,18,4,13),(1652,18,4,14),(1653,18,4,15),(1654,18,4,16),(1655,18,6,22),(1656,18,6,21),(1657,18,6,24),(1658,18,6,23),(1659,19,2,6),(1660,19,2,7),(1661,19,2,5),(1662,19,2,8),(1663,19,5,17),(1664,19,5,18),(1665,19,5,20),(1666,19,5,19),(1667,19,6,23),(1668,19,6,22),(1669,19,6,21),(1670,19,6,24),(1671,19,4,16),(1672,19,4,14),(1673,19,4,13),(1674,19,4,15),(1675,19,7,28),(1676,19,7,27),(1677,19,7,25),(1678,19,7,26),(1679,19,1,2),(1680,19,1,1),(1681,19,1,4),(1682,19,1,3),(1683,19,3,9),(1684,19,3,12),(1685,19,3,11),(1686,19,3,10),(1687,20,3,9),(1688,20,3,12),(1689,20,3,10),(1690,20,3,11),(1691,20,6,22),(1692,20,6,24),(1693,20,6,23),(1694,20,6,21),(1695,20,2,5),(1696,20,2,6),(1697,20,2,7),(1698,20,2,8),(1699,20,4,16),(1700,20,4,15),(1701,20,4,13),(1702,20,4,14),(1703,20,1,3),(1704,20,1,1),(1705,20,1,2),(1706,20,1,4),(1707,20,5,17),(1708,20,5,20),(1709,20,5,18),(1710,20,5,19),(1711,20,7,28),(1712,20,7,25),(1713,20,7,26),(1714,20,7,27),(1715,21,7,26),(1716,21,7,28),(1717,21,7,27),(1718,21,7,25),(1719,21,1,1),(1720,21,1,4),(1721,21,1,3),(1722,21,1,2),(1723,21,3,9),(1724,21,3,10),(1725,21,3,11),(1726,21,3,12),(1727,21,2,8),(1728,21,2,7),(1729,21,2,5),(1730,21,2,6),(1731,21,6,22),(1732,21,6,24),(1733,21,6,23),(1734,21,6,21),(1735,21,4,15),(1736,21,4,13),(1737,21,4,16),(1738,21,4,14),(1739,21,5,18),(1740,21,5,20),(1741,21,5,17),(1742,21,5,19),(1743,22,7,26),(1744,22,7,27),(1745,22,7,25),(1746,22,7,28),(1747,22,3,12),(1748,22,3,10),(1749,22,3,11),(1750,22,3,9),(1751,22,4,13),(1752,22,4,16),(1753,22,4,15),(1754,22,4,14),(1755,22,6,24),(1756,22,6,21),(1757,22,6,23),(1758,22,6,22),(1759,22,1,1),(1760,22,1,3),(1761,22,1,2),(1762,22,1,4),(1763,22,2,6),(1764,22,2,8),(1765,22,2,7),(1766,22,2,5),(1767,22,5,17),(1768,22,5,19),(1769,22,5,18),(1770,22,5,20),(1771,23,2,5),(1772,23,2,8),(1773,23,2,7),(1774,23,2,6),(1775,23,5,17),(1776,23,5,20),(1777,23,5,19),(1778,23,5,18),(1779,23,1,3),(1780,23,1,4),(1781,23,1,1),(1782,23,1,2),(1783,23,4,13),(1784,23,4,15),(1785,23,4,16),(1786,23,4,14),(1787,23,7,25),(1788,23,7,27),(1789,23,7,26),(1790,23,7,28),(1791,23,3,11),(1792,23,3,12),(1793,23,3,9),(1794,23,3,10),(1795,23,6,22),(1796,23,6,23),(1797,23,6,21),(1798,23,6,24);
/*!40000 ALTER TABLE `rand_choices` ENABLE KEYS */;
UNLOCK TABLES;

--
-- Table structure for table `rand_questions`
--

DROP TABLE IF EXISTS `rand_questions`;
/*!40101 SET @saved_cs_client     = @@character_set_client */;
/*!40101 SET character_set_client = utf8 */;
CREATE TABLE `rand_questions` (
  `id` int(10) unsigned NOT NULL AUTO_INCREMENT,
  `student_id` int(11) NOT NULL,
  `question_id` int(11) NOT NULL,
  `position` int(11) NOT NULL,
  PRIMARY KEY (`id`)
) ENGINE=InnoDB AUTO_INCREMENT=524 DEFAULT CHARSET=utf8mb4 COLLATE=utf8mb4_unicode_ci;
/*!40101 SET character_set_client = @saved_cs_client */;

--
-- Dumping data for table `rand_questions`
--

LOCK TABLES `rand_questions` WRITE;
/*!40000 ALTER TABLE `rand_questions` DISABLE KEYS */;
INSERT INTO `rand_questions` VALUES (1,3,2,1),(2,3,5,2),(3,3,6,3),(4,3,1,4),(5,3,3,5),(6,3,4,6),(7,3,7,7),(8,3,8,1),(9,1,4,1),(10,1,7,2),(11,1,2,3),(12,1,6,4),(13,1,5,5),(14,1,3,6),(15,1,1,7),(16,1,8,1),(17,2,7,1),(18,2,1,2),(19,2,4,3),(20,2,3,4),(21,2,5,5),(22,2,2,6),(23,2,6,7),(24,2,8,1),(25,1,11,1),(26,1,9,2),(27,1,10,3),(28,1,13,4),(29,1,12,5),(30,1,18,1),(31,1,14,2),(32,1,15,3),(33,1,17,4),(34,1,16,5),(35,2,9,1),(36,2,12,2),(37,2,10,3),(38,2,13,4),(39,2,11,5),(40,2,18,1),(41,2,15,2),(42,2,14,3),(43,2,17,4),(44,2,16,5),(45,3,13,1),(46,3,12,2),(47,3,10,3),(48,3,9,4),(49,3,11,5),(50,3,18,1),(51,3,16,2),(52,3,15,3),(53,3,14,4),(54,3,17,5),(55,5,3,1),(56,5,5,2),(57,5,2,3),(58,5,4,4),(59,5,6,5),(60,5,1,6),(61,5,7,7),(62,5,8,1),(63,9,9,1),(64,9,11,2),(65,9,10,3),(66,9,12,4),(67,9,13,5),(68,9,18,1),(69,9,16,2),(70,9,15,3),(71,9,17,4),(72,9,14,5),(73,10,12,1),(74,10,11,2),(75,10,9,3),(76,10,13,4),(77,10,10,5),(78,10,16,1),(79,10,15,2),(80,10,14,3),(81,10,18,4),(82,10,17,5),(83,10,26,1),(84,10,25,2),(85,10,27,3),(86,10,23,4),(87,10,24,5),(88,10,28,1),(89,10,30,2),(90,10,29,3),(91,4,27,1),(92,4,23,2),(93,4,25,3),(94,4,26,4),(95,4,24,5),(96,4,28,1),(97,4,30,2),(98,4,29,3),(99,6,33,1),(100,6,31,2),(101,6,32,3),(102,24,66,1),(103,24,70,2),(104,24,68,3),(105,24,64,4),(106,24,72,5),(107,24,67,6),(108,24,77,7),(109,24,71,8),(110,24,65,9),(111,24,75,10),(112,24,78,11),(113,24,69,12),(114,24,73,13),(115,24,76,14),(116,24,74,15),(117,26,78,1),(118,26,77,2),(119,26,68,3),(120,26,76,4),(121,26,66,5),(122,26,72,6),(123,26,64,7),(124,26,69,8),(125,26,65,9),(126,26,73,10),(127,26,74,11),(128,26,70,12),(129,26,71,13),(130,26,67,14),(131,26,75,15),(132,25,69,1),(133,25,70,2),(134,25,67,3),(135,25,66,4),(136,25,65,5),(137,25,68,6),(138,25,75,7),(139,25,72,8),(140,25,76,9),(141,25,64,10),(142,25,73,11),(143,25,71,12),(144,25,77,13),(145,25,74,14),(146,25,78,15),(147,27,78,1),(148,27,73,2),(149,27,77,3),(150,27,66,4),(151,27,71,5),(152,27,65,6),(153,27,70,7),(154,27,67,8),(155,27,72,9),(156,27,74,10),(157,27,76,11),(158,27,64,12),(159,27,69,13),(160,27,75,14),(161,27,68,15),(162,11,6,1),(163,11,3,2),(164,11,1,3),(165,11,2,4),(166,11,5,5),(167,11,4,6),(168,11,7,7),(169,11,8,1),(170,7,5,1),(171,7,4,2),(172,7,6,3),(173,7,7,4),(174,7,3,5),(175,7,1,6),(176,7,2,7),(177,7,8,1),(178,32,67,1),(179,32,76,2),(180,32,68,3),(181,32,73,4),(182,32,74,5),(183,32,78,6),(184,32,77,7),(185,32,75,8),(186,32,65,9),(187,32,70,10),(188,32,72,11),(189,32,69,12),(190,32,71,13),(191,32,64,14),(192,32,66,15),(193,33,70,1),(194,33,75,2),(195,33,72,3),(196,33,78,4),(197,33,64,5),(198,33,76,6),(199,33,68,7),(200,33,65,8),(201,33,67,9),(202,33,71,10),(203,33,74,11),(204,33,73,12),(205,33,66,13),(206,33,77,14),(207,33,69,15),(208,24,79,1),(209,24,88,2),(210,24,84,3),(211,24,85,4),(212,24,81,5),(213,24,83,6),(214,24,87,7),(215,24,80,8),(216,24,86,9),(217,24,82,10),(218,26,80,1),(219,26,79,2),(220,26,81,3),(221,26,82,4),(222,26,86,5),(223,26,84,6),(224,26,85,7),(225,26,88,8),(226,26,87,9),(227,26,83,10),(237,25,84,10),(238,25,81,1),(239,25,79,2),(240,25,86,3),(241,25,84,4),(242,25,82,5),(243,25,83,6),(244,25,88,7),(245,25,85,8),(246,25,80,9),(247,25,87,10),(248,27,79,1),(249,27,87,2),(250,27,83,3),(251,27,81,4),(252,27,82,5),(253,27,86,6),(254,27,80,7),(255,27,84,8),(256,27,85,9),(257,27,88,10),(258,28,84,1),(259,28,80,2),(260,28,86,3),(261,28,87,4),(262,28,79,5),(263,28,81,6),(264,28,83,7),(265,28,82,8),(266,28,85,9),(267,28,88,10),(268,29,87,1),(269,29,79,2),(270,29,88,3),(271,29,86,4),(272,29,80,5),(273,29,84,6),(274,29,85,7),(275,29,81,8),(276,29,83,9),(277,29,82,10),(278,25,96,1),(279,25,98,2),(280,25,89,3),(281,25,93,4),(282,25,97,5),(283,25,94,6),(284,25,92,7),(285,25,90,8),(286,24,93,1),(287,25,95,9),(288,24,90,2),(289,25,91,10),(290,24,92,3),(291,24,91,4),(292,24,95,5),(293,24,97,6),(294,24,94,7),(295,24,89,8),(296,24,98,9),(297,24,96,10),(298,26,92,1),(299,26,96,2),(300,26,89,3),(301,26,93,4),(302,26,98,5),(303,26,94,6),(304,27,91,1),(305,26,97,7),(306,27,92,2),(307,26,91,8),(308,27,93,3),(309,26,95,9),(310,27,95,4),(311,26,90,10),(312,27,89,5),(313,27,97,6),(314,27,98,7),(315,27,90,8),(316,27,96,9),(317,27,94,10),(318,28,95,1),(319,28,90,2),(320,28,92,3),(321,28,96,4),(322,28,98,5),(323,28,91,6),(324,28,97,7),(325,28,93,8),(326,28,89,9),(327,28,94,10),(328,30,94,1),(329,30,91,2),(330,30,90,3),(331,30,89,4),(332,30,92,5),(333,30,93,6),(334,29,95,1),(335,30,96,7),(336,29,98,2),(337,30,97,8),(338,29,97,3),(339,30,98,9),(340,29,96,4),(341,30,95,10),(342,29,89,5),(343,29,90,6),(344,29,94,7),(345,29,91,8),(346,29,92,9),(347,29,93,10),(348,32,96,1),(349,32,98,2),(350,32,89,3),(351,32,92,4),(352,32,91,5),(353,32,95,6),(354,32,93,7),(355,32,97,8),(356,32,94,9),(357,32,90,10),(358,34,98,1),(359,34,95,2),(360,34,91,3),(361,34,96,4),(362,34,97,5),(363,34,90,6),(364,34,92,7),(365,34,93,8),(366,34,89,9),(367,34,94,10),(368,35,89,1),(369,35,90,2),(370,35,97,3),(371,35,95,4),(372,35,98,5),(373,36,98,1),(374,35,94,6),(375,36,92,2),(376,35,91,7),(377,36,96,3),(378,35,96,8),(379,36,94,4),(380,35,92,9),(381,36,91,5),(382,35,93,10),(383,36,93,6),(384,36,89,7),(385,36,90,8),(386,36,97,9),(387,36,95,10),(388,10,4,1),(389,10,5,2),(390,10,6,3),(391,10,1,4),(392,10,2,5),(393,10,7,6),(394,10,3,7),(395,10,8,1),(396,12,4,1),(397,12,2,2),(398,12,7,3),(399,12,6,4),(400,12,3,5),(401,12,1,6),(402,12,5,7),(403,12,8,1),(404,13,4,1),(405,13,7,2),(406,13,5,3),(407,13,2,4),(408,13,3,5),(409,13,6,6),(410,13,1,7),(411,13,8,1),(412,14,4,1),(413,14,6,2),(414,14,2,3),(415,14,1,4),(416,14,7,5),(417,14,3,6),(418,14,5,7),(419,14,8,1),(420,4,4,1),(421,4,7,2),(422,4,2,3),(423,4,3,4),(424,4,5,5),(425,4,1,6),(426,4,6,7),(427,4,8,1),(428,6,5,1),(429,6,4,2),(430,6,6,3),(431,6,2,4),(432,6,7,5),(433,6,1,6),(434,6,3,7),(435,6,8,1),(436,8,1,1),(437,8,6,2),(438,8,2,3),(439,8,4,4),(440,8,7,5),(441,8,3,6),(442,8,5,7),(443,8,8,1),(444,9,1,1),(445,9,4,2),(446,9,7,3),(447,9,5,4),(448,9,2,5),(449,9,6,6),(450,9,3,7),(451,9,8,1),(452,15,4,1),(453,15,3,2),(454,15,2,3),(455,15,5,4),(456,15,1,5),(457,15,7,6),(458,15,6,7),(459,15,8,1),(460,16,1,1),(461,16,5,2),(462,16,6,3),(463,16,3,4),(464,16,4,5),(465,16,7,6),(466,16,2,7),(467,16,8,1),(468,17,7,1),(469,17,3,2),(470,17,6,3),(471,17,1,4),(472,17,5,5),(473,17,2,6),(474,17,4,7),(475,17,8,1),(476,18,7,1),(477,18,1,2),(478,18,3,3),(479,18,2,4),(480,18,5,5),(481,18,4,6),(482,18,6,7),(483,18,8,1),(484,19,2,1),(485,19,5,2),(486,19,6,3),(487,19,4,4),(488,19,7,5),(489,19,1,6),(490,19,3,7),(491,19,8,1),(492,20,3,1),(493,20,6,2),(494,20,2,3),(495,20,4,4),(496,20,1,5),(497,20,5,6),(498,20,7,7),(499,20,8,1),(500,21,7,1),(501,21,1,2),(502,21,3,3),(503,21,2,4),(504,21,6,5),(505,21,4,6),(506,21,5,7),(507,21,8,1),(508,22,7,1),(509,22,3,2),(510,22,4,3),(511,22,6,4),(512,22,1,5),(513,22,2,6),(514,22,5,7),(515,22,8,1),(516,23,2,1),(517,23,5,2),(518,23,1,3),(519,23,4,4),(520,23,7,5),(521,23,3,6),(522,23,6,7),(523,23,8,1);
/*!40000 ALTER TABLE `rand_questions` ENABLE KEYS */;
UNLOCK TABLES;

--
-- Table structure for table `scores`
--

DROP TABLE IF EXISTS `scores`;
/*!40101 SET @saved_cs_client     = @@character_set_client */;
/*!40101 SET character_set_client = utf8 */;
CREATE TABLE `scores` (
  `id` int(10) unsigned NOT NULL AUTO_INCREMENT,
  `criteria_record_id` int(11) NOT NULL,
  `student_id` int(11) NOT NULL,
  `score` varchar(191) COLLATE utf8mb4_unicode_ci NOT NULL,
  `created_at` timestamp NULL DEFAULT NULL,
  `updated_at` timestamp NULL DEFAULT NULL,
  `is_manual_score` int(11) NOT NULL,
  PRIMARY KEY (`id`)
) ENGINE=InnoDB AUTO_INCREMENT=244 DEFAULT CHARSET=utf8mb4 COLLATE=utf8mb4_unicode_ci;
/*!40101 SET character_set_client = @saved_cs_client */;

--
-- Dumping data for table `scores`
--

LOCK TABLES `scores` WRITE;
/*!40000 ALTER TABLE `scores` DISABLE KEYS */;
INSERT INTO `scores` VALUES (1,1,1,'13','2020-06-02 06:03:46','2020-06-03 01:12:48',0),(2,1,2,'10','2020-06-02 06:03:46','2020-06-02 13:08:48',0),(3,1,3,'16','2020-06-02 06:03:46','2020-06-02 13:08:48',0),(4,1,4,'0','2020-06-02 06:03:46','2020-06-02 06:03:46',0),(5,1,5,'9','2020-06-02 06:03:46','2020-06-03 01:12:49',0),(6,1,6,'0','2020-06-02 06:03:46','2020-06-02 06:03:46',0),(7,1,7,'0','2020-06-02 06:03:46','2020-06-02 06:03:46',0),(8,1,8,'0','2020-06-02 06:03:46','2020-06-02 06:03:46',0),(9,1,9,'0','2020-06-02 06:03:47','2020-06-02 06:03:47',0),(10,1,10,'2','2020-06-02 06:03:47','2020-07-14 14:30:27',0),(11,1,11,'11','2020-06-02 06:03:47','2020-07-02 06:33:29',0),(12,1,12,'2','2020-06-02 06:03:47','2020-07-14 14:30:27',0),(13,1,13,'0','2020-06-02 06:03:47','2020-06-02 06:03:47',0),(14,1,14,'0','2020-06-02 06:03:47','2020-06-02 06:03:47',0),(15,1,15,'7','2020-06-02 06:03:47','2020-07-14 14:30:27',0),(16,1,16,'2','2020-06-02 06:03:47','2020-07-14 14:30:27',0),(17,1,17,'2','2020-06-02 06:03:47','2020-07-14 14:30:27',0),(18,1,18,'4','2020-06-02 06:03:47','2020-07-14 14:30:27',0),(19,1,19,'1','2020-06-02 06:03:47','2020-07-14 14:30:27',0),(20,1,20,'2','2020-06-02 06:03:48','2020-07-14 14:30:27',0),(21,1,21,'2','2020-06-02 06:03:48','2020-07-14 14:30:27',0),(22,1,22,'2','2020-06-02 06:03:48','2020-07-14 14:30:27',0),(23,1,23,'2','2020-06-02 06:03:48','2020-07-14 14:30:27',0),(24,2,1,'10','2020-06-02 06:05:47','2020-06-02 06:05:47',0),(25,2,2,'8','2020-06-02 06:05:47','2020-06-02 06:05:47',0),(26,2,3,'9','2020-06-02 06:05:47','2020-06-02 06:05:47',0),(27,2,4,'8','2020-06-02 06:05:47','2020-06-02 06:05:47',0),(28,2,5,'8','2020-06-02 06:05:48','2020-06-02 06:05:48',0),(29,2,6,'5','2020-06-02 06:05:48','2020-06-02 06:05:48',0),(30,2,7,'7','2020-06-02 06:05:48','2020-06-02 06:05:48',0),(31,2,8,'5','2020-06-02 06:05:48','2020-06-02 06:05:48',0),(32,2,9,'9','2020-06-02 06:05:48','2020-06-02 06:05:48',0),(33,2,10,'7','2020-06-02 06:05:48','2020-06-02 06:05:48',0),(34,2,11,'8','2020-06-02 06:05:48','2020-06-02 06:05:48',0),(35,2,12,'5','2020-06-02 06:05:48','2020-06-02 06:05:48',0),(36,2,13,'7','2020-06-02 06:05:48','2020-06-02 06:05:48',0),(37,2,14,'4','2020-06-02 06:05:48','2020-06-02 06:05:48',0),(38,2,15,'6','2020-06-02 06:05:48','2020-06-02 06:05:48',0),(39,2,16,'5','2020-06-02 06:05:48','2020-06-02 06:05:48',0),(40,2,17,'6','2020-06-02 06:05:48','2020-06-02 06:05:48',0),(41,2,18,'5','2020-06-02 06:05:48','2020-06-02 06:05:48',0),(42,2,19,'5','2020-06-02 06:05:48','2020-06-02 06:05:48',0),(43,2,20,'6','2020-06-02 06:05:48','2020-06-02 06:05:48',0),(44,2,21,'6','2020-06-02 06:05:48','2020-06-02 06:05:48',0),(45,2,22,'5','2020-06-02 06:05:48','2020-06-02 06:05:48',0),(46,2,23,'6','2020-06-02 06:05:48','2020-06-02 06:05:48',0),(47,3,1,'8','2020-06-02 06:06:59','2020-06-02 06:06:59',0),(48,3,2,'8','2020-06-02 06:06:59','2020-06-02 06:06:59',0),(49,3,3,'5','2020-06-02 06:06:59','2020-06-02 06:06:59',0),(50,3,4,'7','2020-06-02 06:07:00','2020-06-02 06:07:00',0),(51,3,5,'8','2020-06-02 06:07:00','2020-06-02 06:07:00',0),(52,3,6,'5','2020-06-02 06:07:00','2020-06-02 06:07:00',0),(53,3,7,'7','2020-06-02 06:07:00','2020-06-02 06:07:00',0),(54,3,8,'5','2020-06-02 06:07:00','2020-06-02 06:07:00',0),(55,3,9,'7','2020-06-02 06:07:00','2020-06-02 06:07:00',0),(56,3,10,'7','2020-06-02 06:07:00','2020-06-02 06:07:00',0),(57,3,11,'A','2020-06-02 06:07:00','2020-06-02 06:07:00',0),(58,3,12,'5','2020-06-02 06:07:00','2020-06-02 06:07:00',0),(59,3,13,'5','2020-06-02 06:07:00','2020-06-02 06:07:00',0),(60,3,14,'7','2020-06-02 06:07:00','2020-06-02 06:07:00',0),(61,3,15,'5','2020-06-02 06:07:00','2020-06-02 06:07:00',0),(62,3,16,'7','2020-06-02 06:07:00','2020-06-02 06:07:00',0),(63,3,17,'A','2020-06-02 06:07:00','2020-06-02 06:07:00',0),(64,3,18,'8','2020-06-02 06:07:00','2020-06-02 06:07:00',0),(65,3,19,'8','2020-06-02 06:07:00','2020-06-02 06:07:00',0),(66,3,20,'8','2020-06-02 06:07:00','2020-06-02 06:07:00',0),(67,3,21,'7','2020-06-02 06:07:00','2020-06-02 06:07:00',0),(68,3,22,'5','2020-06-02 06:07:00','2020-06-02 06:07:00',0),(69,3,23,'8','2020-06-02 06:07:00','2020-06-02 06:07:00',0),(70,4,1,'10','2020-06-02 06:41:53','2020-06-02 06:41:53',0),(71,4,2,'9','2020-06-02 06:41:53','2020-06-02 06:41:53',0),(72,4,3,'8','2020-06-02 06:41:53','2020-06-02 06:41:53',0),(73,4,4,'0','2020-06-02 06:41:53','2020-06-02 06:41:53',0),(74,4,5,'0','2020-06-02 06:41:53','2020-06-02 06:41:53',0),(75,4,6,'0','2020-06-02 06:41:53','2020-06-02 06:41:53',0),(76,4,7,'0','2020-06-02 06:41:54','2020-06-02 06:41:54',0),(77,4,8,'0','2020-06-02 06:41:54','2020-06-02 06:41:54',0),(78,4,9,'0','2020-06-02 06:41:54','2020-06-02 06:41:54',0),(79,4,10,'0','2020-06-02 06:41:54','2020-06-02 06:41:54',0),(80,4,11,'0','2020-06-02 06:41:54','2020-06-02 06:41:54',0),(81,4,12,'0','2020-06-02 06:41:54','2020-06-02 06:41:54',0),(82,4,13,'0','2020-06-02 06:41:54','2020-06-02 06:41:54',0),(83,4,14,'0','2020-06-02 06:41:54','2020-06-02 06:41:54',0),(84,4,15,'0','2020-06-02 06:41:54','2020-06-02 06:41:54',0),(85,4,16,'0','2020-06-02 06:41:54','2020-06-02 06:41:54',0),(86,4,17,'0','2020-06-02 06:41:54','2020-06-02 06:41:54',0),(87,4,18,'0','2020-06-02 06:41:55','2020-06-02 06:41:55',0),(88,4,19,'0','2020-06-02 06:41:55','2020-06-02 06:41:55',0),(89,4,20,'0','2020-06-02 06:41:55','2020-06-02 06:41:55',0),(90,4,21,'0','2020-06-02 06:41:55','2020-06-02 06:41:55',0),(91,4,22,'0','2020-06-02 06:41:55','2020-06-02 06:41:55',0),(92,4,23,'0','2020-06-02 06:41:55','2020-06-02 06:41:55',0),(93,5,1,'0','2020-06-03 06:52:17','2020-06-03 06:52:17',0),(94,5,2,'0','2020-06-03 06:52:17','2020-06-03 06:52:17',0),(95,5,3,'0','2020-06-03 06:52:17','2020-06-03 06:52:17',0),(96,5,4,'7','2020-06-03 06:52:17','2020-06-03 12:23:40',0),(97,5,5,'0','2020-06-03 06:52:17','2020-06-03 06:52:17',0),(98,5,6,'0','2020-06-03 06:52:17','2020-06-03 06:52:17',0),(99,5,7,'0','2020-06-03 06:52:17','2020-06-03 06:52:17',0),(100,5,8,'0','2020-06-03 06:52:17','2020-06-03 06:52:17',0),(101,5,9,'0','2020-06-03 06:52:17','2020-06-03 06:52:17',0),(102,5,10,'8','2020-06-03 06:52:17','2020-06-03 06:52:17',0),(103,5,11,'0','2020-06-03 06:52:18','2020-06-03 06:52:18',0),(104,5,12,'0','2020-06-03 06:52:18','2020-06-03 06:52:18',0),(105,5,13,'0','2020-06-03 06:52:18','2020-06-03 06:52:18',0),(106,5,14,'0','2020-06-03 06:52:18','2020-06-03 06:52:18',0),(107,5,15,'0','2020-06-03 06:52:18','2020-06-03 06:52:18',0),(108,5,16,'0','2020-06-03 06:52:18','2020-06-03 06:52:18',0),(109,5,17,'0','2020-06-03 06:52:18','2020-06-03 06:52:18',0),(110,5,18,'0','2020-06-03 06:52:18','2020-06-03 06:52:18',0),(111,5,19,'0','2020-06-03 06:52:18','2020-06-03 06:52:18',0),(112,5,20,'0','2020-06-03 06:52:18','2020-06-03 06:52:18',0),(113,5,21,'0','2020-06-03 06:52:18','2020-06-03 06:52:18',0),(114,5,22,'0','2020-06-03 06:52:18','2020-06-03 06:52:18',0),(115,5,23,'0','2020-06-03 06:52:18','2020-06-03 06:52:18',0),(116,6,1,'0','2020-06-09 15:20:53','2020-06-09 15:20:53',0),(117,6,2,'0','2020-06-09 15:20:54','2020-06-09 15:20:54',0),(118,6,3,'0','2020-06-09 15:20:54','2020-06-09 15:20:54',0),(119,6,4,'0','2020-06-09 15:20:54','2020-06-09 15:20:54',0),(120,6,5,'0','2020-06-09 15:20:54','2020-06-09 15:20:54',0),(121,6,6,'2','2020-06-09 15:20:54','2020-06-09 15:20:54',0),(122,6,7,'0','2020-06-09 15:20:54','2020-06-09 15:20:54',0),(123,6,8,'0','2020-06-09 15:20:54','2020-06-09 15:20:54',0),(124,6,9,'0','2020-06-09 15:20:54','2020-06-09 15:20:54',0),(125,6,10,'0','2020-06-09 15:20:54','2020-06-09 15:20:54',0),(126,6,11,'0','2020-06-09 15:20:54','2020-06-09 15:20:54',0),(127,6,12,'0','2020-06-09 15:20:54','2020-06-09 15:20:54',0),(128,6,13,'0','2020-06-09 15:20:54','2020-06-09 15:20:54',0),(129,6,14,'0','2020-06-09 15:20:54','2020-06-09 15:20:54',0),(130,6,15,'0','2020-06-09 15:20:54','2020-06-09 15:20:54',0),(131,6,16,'0','2020-06-09 15:20:54','2020-06-09 15:20:54',0),(132,6,17,'0','2020-06-09 15:20:55','2020-06-09 15:20:55',0),(133,6,18,'0','2020-06-09 15:20:55','2020-06-09 15:20:55',0),(134,6,19,'0','2020-06-09 15:20:55','2020-06-09 15:20:55',0),(135,6,20,'0','2020-06-09 15:20:55','2020-06-09 15:20:55',0),(136,6,21,'0','2020-06-09 15:20:55','2020-06-09 15:20:55',0),(137,6,22,'0','2020-06-09 15:20:55','2020-06-09 15:20:55',0),(138,6,23,'0','2020-06-09 15:20:55','2020-06-09 15:20:55',0),(139,7,24,'0','2020-07-02 03:01:02','2020-07-02 03:01:02',0),(140,7,25,'4','2020-07-02 03:01:02','2020-07-02 03:01:02',0),(141,7,26,'5','2020-07-02 03:01:02','2020-07-02 03:01:02',0),(142,7,27,'2','2020-07-02 03:01:02','2020-07-02 06:29:16',0),(143,7,28,'0','2020-07-02 03:01:02','2020-07-02 03:01:02',0),(144,7,29,'0','2020-07-02 03:01:02','2020-07-02 03:01:02',0),(145,7,30,'0','2020-07-02 03:01:02','2020-07-02 03:01:02',0),(146,7,31,'0','2020-07-02 03:01:02','2020-07-02 03:01:02',0),(147,7,32,'0','2020-07-02 03:01:02','2020-07-02 03:01:02',0),(148,7,33,'9','2020-07-02 03:01:02','2020-07-02 14:02:41',0),(149,7,34,'0','2020-07-02 03:01:02','2020-07-02 03:01:02',0),(150,7,35,'0','2020-07-02 03:01:03','2020-07-02 03:01:03',0),(151,7,36,'0','2020-07-02 03:01:03','2020-07-02 03:01:03',0),(152,7,37,'0','2020-07-02 03:01:03','2020-07-02 03:01:03',0),(153,7,38,'0','2020-07-02 03:01:03','2020-07-02 03:01:03',0),(154,7,39,'0','2020-07-02 03:01:03','2020-07-02 03:01:03',0),(155,7,40,'0','2020-07-02 03:01:03','2020-07-02 03:01:03',0),(156,7,41,'0','2020-07-02 03:01:03','2020-07-02 03:01:03',0),(157,7,42,'0','2020-07-02 03:01:03','2020-07-02 03:01:03',0),(158,7,43,'0','2020-07-02 03:01:04','2020-07-02 03:01:04',0),(159,7,44,'0','2020-07-02 03:01:04','2020-07-02 03:01:04',0),(160,7,45,'0','2020-07-02 03:01:04','2020-07-02 03:01:04',0),(161,7,46,'0','2020-07-02 03:01:04','2020-07-02 03:01:04',0),(162,7,47,'0','2020-07-02 03:01:04','2020-07-02 03:01:04',0),(163,7,48,'0','2020-07-02 03:01:04','2020-07-02 03:01:04',0),(164,7,49,'0','2020-07-02 03:01:04','2020-07-02 03:01:04',0),(165,7,50,'0','2020-07-02 03:01:05','2020-07-02 03:01:05',0),(166,7,51,'0','2020-07-02 03:01:05','2020-07-02 03:01:05',0),(167,7,52,'0','2020-07-02 03:01:05','2020-07-02 03:01:05',0),(168,7,53,'0','2020-07-02 03:01:05','2020-07-02 03:01:05',0),(169,7,54,'0','2020-07-02 03:01:05','2020-07-02 03:01:05',0),(170,7,55,'0','2020-07-02 03:01:05','2020-07-02 03:01:05',0),(171,7,56,'0','2020-07-02 03:01:05','2020-07-02 03:01:05',0),(172,7,57,'0','2020-07-02 03:01:05','2020-07-02 03:01:05',0),(173,7,58,'0','2020-07-02 03:01:05','2020-07-02 03:01:05',0),(174,8,24,'8','2020-07-02 15:19:20','2020-07-02 15:19:20',0),(175,8,25,'6','2020-07-02 15:19:20','2020-07-02 15:29:39',0),(176,8,26,'0','2020-07-02 15:19:20','2020-07-02 15:19:20',0),(177,8,27,'6','2020-07-02 15:19:20','2020-07-02 15:29:39',0),(178,8,28,'10','2020-07-02 15:19:21','2020-07-02 15:29:39',0),(179,8,29,'7','2020-07-02 15:19:21','2020-07-02 15:29:39',0),(180,8,30,'0','2020-07-02 15:19:21','2020-07-02 15:19:21',0),(181,8,31,'0','2020-07-02 15:19:21','2020-07-02 15:19:21',0),(182,8,32,'0','2020-07-02 15:19:21','2020-07-02 15:19:21',0),(183,8,33,'0','2020-07-02 15:19:21','2020-07-02 15:19:21',0),(184,8,34,'0','2020-07-02 15:19:21','2020-07-02 15:19:21',0),(185,8,35,'0','2020-07-02 15:19:21','2020-07-02 15:19:21',0),(186,8,36,'0','2020-07-02 15:19:21','2020-07-02 15:19:21',0),(187,8,37,'0','2020-07-02 15:19:21','2020-07-02 15:19:21',0),(188,8,38,'0','2020-07-02 15:19:21','2020-07-02 15:19:21',0),(189,8,39,'0','2020-07-02 15:19:22','2020-07-02 15:19:22',0),(190,8,40,'0','2020-07-02 15:19:22','2020-07-02 15:19:22',0),(191,8,41,'0','2020-07-02 15:19:22','2020-07-02 15:19:22',0),(192,8,42,'0','2020-07-02 15:19:22','2020-07-02 15:19:22',0),(193,8,43,'0','2020-07-02 15:19:22','2020-07-02 15:19:22',0),(194,8,44,'0','2020-07-02 15:19:22','2020-07-02 15:19:22',0),(195,8,45,'0','2020-07-02 15:19:22','2020-07-02 15:19:22',0),(196,8,46,'0','2020-07-02 15:19:22','2020-07-02 15:19:22',0),(197,8,47,'0','2020-07-02 15:19:22','2020-07-02 15:19:22',0),(198,8,48,'0','2020-07-02 15:19:22','2020-07-02 15:19:22',0),(199,8,49,'0','2020-07-02 15:19:22','2020-07-02 15:19:22',0),(200,8,50,'0','2020-07-02 15:19:22','2020-07-02 15:19:22',0),(201,8,51,'0','2020-07-02 15:19:22','2020-07-02 15:19:22',0),(202,8,52,'0','2020-07-02 15:19:23','2020-07-02 15:19:23',0),(203,8,53,'0','2020-07-02 15:19:23','2020-07-02 15:19:23',0),(204,8,54,'0','2020-07-02 15:19:23','2020-07-02 15:19:23',0),(205,8,55,'0','2020-07-02 15:19:23','2020-07-02 15:19:23',0),(206,8,56,'0','2020-07-02 15:19:23','2020-07-02 15:19:23',0),(207,8,57,'0','2020-07-02 15:19:23','2020-07-02 15:19:23',0),(208,8,58,'0','2020-07-02 15:19:23','2020-07-02 15:19:23',0),(209,9,24,'6','2020-07-02 16:06:19','2020-07-02 16:06:19',0),(210,9,25,'10','2020-07-02 16:06:19','2020-07-02 16:06:19',0),(211,9,26,'0','2020-07-02 16:06:19','2020-07-02 16:06:19',0),(212,9,27,'7','2020-07-02 16:06:19','2020-07-02 16:19:46',0),(213,9,28,'8','2020-07-02 16:06:19','2020-07-02 16:19:46',0),(214,9,29,'9','2020-07-02 16:06:19','2020-07-02 16:19:46',0),(215,9,30,'9','2020-07-02 16:06:19','2020-07-02 16:19:46',0),(216,9,31,'0','2020-07-02 16:06:19','2020-07-02 16:06:19',0),(217,9,32,'10','2020-07-02 16:06:19','2020-07-02 16:24:33',0),(218,9,33,'0','2020-07-02 16:06:19','2020-07-02 16:06:19',0),(219,9,34,'5','2020-07-02 16:06:19','2020-07-02 16:27:12',0),(220,9,35,'0','2020-07-02 16:06:19','2020-07-02 16:06:19',0),(221,9,36,'2','2020-07-02 16:06:19','2020-07-02 16:31:34',0),(222,9,37,'0','2020-07-02 16:06:20','2020-07-02 16:06:20',0),(223,9,38,'0','2020-07-02 16:06:20','2020-07-02 16:06:20',0),(224,9,39,'0','2020-07-02 16:06:20','2020-07-02 16:06:20',0),(225,9,40,'0','2020-07-02 16:06:20','2020-07-02 16:06:20',0),(226,9,41,'0','2020-07-02 16:06:20','2020-07-02 16:06:20',0),(227,9,42,'0','2020-07-02 16:06:20','2020-07-02 16:06:20',0),(228,9,43,'0','2020-07-02 16:06:20','2020-07-02 16:06:20',0),(229,9,44,'0','2020-07-02 16:06:20','2020-07-02 16:06:20',0),(230,9,45,'0','2020-07-02 16:06:20','2020-07-02 16:06:20',0),(231,9,46,'0','2020-07-02 16:06:20','2020-07-02 16:06:20',0),(232,9,47,'0','2020-07-02 16:06:20','2020-07-02 16:06:20',0),(233,9,48,'0','2020-07-02 16:06:20','2020-07-02 16:06:20',0),(234,9,49,'0','2020-07-02 16:06:20','2020-07-02 16:06:20',0),(235,9,50,'0','2020-07-02 16:06:20','2020-07-02 16:06:20',0),(236,9,51,'0','2020-07-02 16:06:20','2020-07-02 16:06:20',0),(237,9,52,'0','2020-07-02 16:06:21','2020-07-02 16:06:21',0),(238,9,53,'0','2020-07-02 16:06:21','2020-07-02 16:06:21',0),(239,9,54,'0','2020-07-02 16:06:21','2020-07-02 16:06:21',0),(240,9,55,'0','2020-07-02 16:06:21','2020-07-02 16:06:21',0),(241,9,56,'0','2020-07-02 16:06:21','2020-07-02 16:06:21',0),(242,9,57,'0','2020-07-02 16:06:21','2020-07-02 16:06:21',0),(243,9,58,'0','2020-07-02 16:06:21','2020-07-02 16:06:21',0);
/*!40000 ALTER TABLE `scores` ENABLE KEYS */;
UNLOCK TABLES;

--
-- Table structure for table `settings`
--

DROP TABLE IF EXISTS `settings`;
/*!40101 SET @saved_cs_client     = @@character_set_client */;
/*!40101 SET character_set_client = utf8 */;
CREATE TABLE `settings` (
  `sy` varchar(191) COLLATE utf8mb4_unicode_ci NOT NULL,
  `semester` varchar(191) COLLATE utf8mb4_unicode_ci NOT NULL,
  `term` varchar(191) COLLATE utf8mb4_unicode_ci NOT NULL
) ENGINE=InnoDB DEFAULT CHARSET=utf8mb4 COLLATE=utf8mb4_unicode_ci;
/*!40101 SET character_set_client = @saved_cs_client */;

--
-- Dumping data for table `settings`
--

LOCK TABLES `settings` WRITE;
/*!40000 ALTER TABLE `settings` DISABLE KEYS */;
INSERT INTO `settings` VALUES ('2020-2021','Second','Midterm');
/*!40000 ALTER TABLE `settings` ENABLE KEYS */;
UNLOCK TABLES;

--
-- Table structure for table `sms`
--

DROP TABLE IF EXISTS `sms`;
/*!40101 SET @saved_cs_client     = @@character_set_client */;
/*!40101 SET character_set_client = utf8 */;
CREATE TABLE `sms` (
  `id` int(10) unsigned NOT NULL AUTO_INCREMENT,
  `content` varchar(500) COLLATE utf8mb4_unicode_ci NOT NULL,
  `is_sent` tinyint(1) NOT NULL,
  `created_at` timestamp NULL DEFAULT NULL,
  `updated_at` timestamp NULL DEFAULT NULL,
  PRIMARY KEY (`id`)
) ENGINE=InnoDB AUTO_INCREMENT=124 DEFAULT CHARSET=utf8mb4 COLLATE=utf8mb4_unicode_ci;
/*!40101 SET character_set_client = @saved_cs_client */;

--
-- Dumping data for table `sms`
--

LOCK TABLES `sms` WRITE;
/*!40000 ALTER TABLE `sms` DISABLE KEYS */;
INSERT INTO `sms` VALUES (1,'You have just logged in to your account. If you are not the one doing this, please contact admin immediatedly to reset your password. This is an automated text. Please don\'t reply. Thank you. | SMS\\gnokii --sendsms 1',-1,'2020-06-02 05:24:53','2020-07-06 16:26:21'),(2,'Admin has activated your account. This is an automated text. Please don\'t reply. Thank you. | SMS\\gnokii --sendsms 1',1,'2020-06-02 05:26:03','2020-07-06 16:27:57'),(3,'You have just logged in to your account. If you are not the one doing this, please contact admin immediatedly to reset your password. This is an automated text. Please don\'t reply. Thank you. | SMS\\gnokii --sendsms 1',1,'2020-06-02 05:26:20','2020-07-06 16:28:03'),(4,'You have just logged in to your account. If you are not the one doing this, please contact admin immediatedly to reset your password. This is an automated text. Please don\'t reply. Thank you. | SMS\\gnokii --sendsms 1',-1,'2020-06-02 05:53:53','2020-07-06 16:28:09'),(5,'You have just logged in to your account. If you are not the one doing this, please contact admin immediatedly to reset your password. This is an automated text. Please don\'t reply. Thank you. | SMS\\gnokii --sendsms 1',1,'2020-06-02 05:54:19','2020-07-14 13:33:36'),(6,'You have just logged in to your account. If you are not the one doing this, please contact admin immediatedly to reset your password. This is an automated text. Please don\'t reply. Thank you. | SMS\\gnokii --sendsms 1',1,'2020-06-02 05:55:14','2020-07-14 13:33:43'),(7,'You have just logged in to your account. If you are not the one doing this, please contact admin immediatedly to reset your password. This is an automated text. Please don\'t reply. Thank you. | SMS\\gnokii --sendsms 1',1,'2020-06-02 12:48:50','2020-07-14 13:33:55'),(8,'You have just logged in to your account. If you are not the one doing this, please contact admin immediatedly to reset your password. This is an automated text. Please don\'t reply. Thank you. | SMS\\gnokii --sendsms 1',1,'2020-06-02 13:04:13','2020-07-14 13:34:04'),(9,'You have just logged in to your account. If you are not the one doing this, please contact admin immediatedly to reset your password. This is an automated text. Please don\'t reply. Thank you. | SMS\\gnokii --sendsms 1',1,'2020-06-03 01:12:40','2020-07-14 13:34:14'),(10,'You have just logged in to your account. If you are not the one doing this, please contact admin immediatedly to reset your password. This is an automated text. Please don\'t reply. Thank you. | SMS\\gnokii --sendsms 1',0,'2020-06-03 01:25:51','2020-06-03 01:25:51'),(11,'You have just logged in to your account. If you are not the one doing this, please contact admin immediatedly to reset your password. This is an automated text. Please don\'t reply. Thank you. | SMS\\gnokii --sendsms 1',0,'2020-06-03 01:30:08','2020-06-03 01:30:08'),(12,'You have just logged in to your account. If you are not the one doing this, please contact admin immediatedly to reset your password. This is an automated text. Please don\'t reply. Thank you. | SMS\\gnokii --sendsms 1',0,'2020-06-03 08:03:13','2020-06-03 08:03:13'),(13,'You have just logged in to your account. If you are not the one doing this, please contact admin immediatedly to reset your password. This is an automated text. Please don\'t reply. Thank you. | SMS\\gnokii --sendsms 1',0,'2020-06-03 12:18:10','2020-06-03 12:18:10'),(14,'You have just logged in to your account. If you are not the one doing this, please contact admin immediatedly to reset your password. This is an automated text. Please don\'t reply. Thank you. | SMS\\gnokii --sendsms 1',0,'2020-06-03 12:19:23','2020-06-03 12:19:23'),(15,'You have just logged in to your account. If you are not the one doing this, please contact admin immediatedly to reset your password. This is an automated text. Please don\'t reply. Thank you. | SMS\\gnokii --sendsms 1',0,'2020-06-04 00:41:20','2020-06-04 00:41:20'),(16,'You have just logged in to your account. If you are not the one doing this, please contact admin immediatedly to reset your password. This is an automated text. Please don\'t reply. Thank you. | SMS\\gnokii --sendsms 1',0,'2020-06-04 02:12:21','2020-06-04 02:12:21'),(17,'You have just logged in to your account. If you are not the one doing this, please contact admin immediatedly to reset your password. This is an automated text. Please don\'t reply. Thank you. | SMS\\gnokii --sendsms 1',0,'2020-06-04 02:13:04','2020-06-04 02:13:04'),(18,'You have just logged in to your account. If you are not the one doing this, please contact admin immediatedly to reset your password. This is an automated text. Please don\'t reply. Thank you. | SMS\\gnokii --sendsms 1',0,'2020-06-04 02:37:44','2020-06-04 02:37:44'),(19,'You have just logged in to your account. If you are not the one doing this, please contact admin immediatedly to reset your password. This is an automated text. Please don\'t reply. Thank you. | SMS\\gnokii --sendsms 1',0,'2020-06-05 01:45:24','2020-06-05 01:45:24'),(20,'You have just logged in to your account. If you are not the one doing this, please contact admin immediatedly to reset your password. This is an automated text. Please don\'t reply. Thank you. | SMS\\gnokii --sendsms 1',0,'2020-06-05 01:58:19','2020-06-05 01:58:19'),(21,'Admin has activated your account. This is an automated text. Please don\'t reply. Thank you. | SMS\\gnokii --sendsms 1',0,'2020-06-05 03:03:01','2020-06-05 03:03:01'),(22,'You have just logged in to your account. If you are not the one doing this, please contact admin immediatedly to reset your password. This is an automated text. Please don\'t reply. Thank you. | SMS\\gnokii --sendsms 1',0,'2020-06-05 03:03:34','2020-06-05 03:03:34'),(23,'You have just logged in to your account. If you are not the one doing this, please contact admin immediatedly to reset your password. This is an automated text. Please don\'t reply. Thank you. | SMS\\gnokii --sendsms 1',0,'2020-06-09 13:57:13','2020-06-09 13:57:13'),(24,'You have just logged in to your account. If you are not the one doing this, please contact admin immediatedly to reset your password. This is an automated text. Please don\'t reply. Thank you. | SMS\\gnokii --sendsms 1',0,'2020-06-09 14:34:18','2020-06-09 14:34:18'),(25,'You have just logged in to your account. If you are not the one doing this, please contact admin immediatedly to reset your password. This is an automated text. Please don\'t reply. Thank you. | SMS\\gnokii --sendsms 1',0,'2020-06-24 02:34:08','2020-06-24 02:34:08'),(26,'You have just logged in to your account. If you are not the one doing this, please contact admin immediatedly to reset your password. This is an automated text. Please don\'t reply. Thank you. | SMS\\gnokii --sendsms 1',0,'2020-06-24 05:02:16','2020-06-24 05:02:16'),(27,'You have updated your account. If you are not the one doing this, please contact admin immediatedly to reset your password. This is an automated text. Please don\'t reply. Thank you. | SMS\\gnokii --sendsms 1',0,'2020-06-24 05:27:32','2020-06-24 05:27:32'),(28,'You have updated your account. If you are not the one doing this, please contact admin immediatedly to reset your password. This is an automated text. Please don\'t reply. Thank you. | SMS\\gnokii --sendsms 09056194798',0,'2020-06-24 05:28:09','2020-06-24 05:28:09'),(29,'You have just logged in to your account. If you are not the one doing this, please contact admin immediatedly to reset your password. This is an automated text. Please don\'t reply. Thank you. | SMS\\gnokii --sendsms 1',0,'2020-06-24 05:29:39','2020-06-24 05:29:39'),(30,'Admin has activated your account. This is an automated text. Please don\'t reply. Thank you. | SMS\\gnokii --sendsms 1',0,'2020-06-24 05:54:56','2020-06-24 05:54:56'),(31,'You have just logged in to your account. If you are not the one doing this, please contact admin immediatedly to reset your password. This is an automated text. Please don\'t reply. Thank you. | SMS\\gnokii --sendsms 1',0,'2020-06-24 06:28:29','2020-06-24 06:28:29'),(32,'You have just logged in to your account. If you are not the one doing this, please contact admin immediatedly to reset your password. This is an automated text. Please don\'t reply. Thank you. | SMS\\gnokii --sendsms 1',0,'2020-06-24 06:35:57','2020-06-24 06:35:57'),(33,'You have just logged in to your account. If you are not the one doing this, please contact admin immediatedly to reset your password. This is an automated text. Please don\'t reply. Thank you. | SMS\\gnokii --sendsms 1',0,'2020-06-24 07:36:25','2020-06-24 07:36:25'),(34,'Admin has activated your account. This is an automated text. Please don\'t reply. Thank you. | SMS\\gnokii --sendsms 1',0,'2020-06-24 08:01:29','2020-06-24 08:01:29'),(35,'Admin has activated your account. This is an automated text. Please don\'t reply. Thank you. | SMS\\gnokii --sendsms 1',0,'2020-06-24 08:09:44','2020-06-24 08:09:44'),(36,'You have just logged in to your account. If you are not the one doing this, please contact admin immediatedly to reset your password. This is an automated text. Please don\'t reply. Thank you. | SMS\\gnokii --sendsms 1',0,'2020-06-30 01:40:35','2020-06-30 01:40:35'),(37,'You have just logged in to your account. If you are not the one doing this, please contact admin immediatedly to reset your password. This is an automated text. Please don\'t reply. Thank you. | SMS\\gnokii --sendsms 1',0,'2020-06-30 01:43:52','2020-06-30 01:43:52'),(38,'Admin has activated your account. This is an automated text. Please don\'t reply. Thank you. | SMS\\gnokii --sendsms 1',0,'2020-06-30 01:46:12','2020-06-30 01:46:12'),(39,'You have just logged in to your account. If you are not the one doing this, please contact admin immediatedly to reset your password. This is an automated text. Please don\'t reply. Thank you. | SMS\\gnokii --sendsms 1',0,'2020-06-30 01:46:39','2020-06-30 01:46:39'),(40,'You have just logged in to your account. If you are not the one doing this, please contact admin immediatedly to reset your password. This is an automated text. Please don\'t reply. Thank you. | SMS\\gnokii --sendsms 09056194798',0,'2020-07-01 02:36:42','2020-07-01 02:36:42'),(41,'You have just logged in to your account. If you are not the one doing this, please contact admin immediatedly to reset your password. This is an automated text. Please don\'t reply. Thank you. | SMS\\gnokii --sendsms 09056194798',0,'2020-07-01 02:36:57','2020-07-01 02:36:57'),(42,'You have just logged in to your account. If you are not the one doing this, please contact admin immediatedly to reset your password. This is an automated text. Please don\'t reply. Thank you. | SMS\\gnokii --sendsms 1',0,'2020-07-01 03:29:11','2020-07-01 03:29:11'),(43,'You have just logged in to your account. If you are not the one doing this, please contact admin immediatedly to reset your password. This is an automated text. Please don\'t reply. Thank you. | SMS\\gnokii --sendsms 09056194798',0,'2020-07-01 05:09:29','2020-07-01 05:09:29'),(44,'You have just logged in to your account. If you are not the one doing this, please contact admin immediatedly to reset your password. This is an automated text. Please don\'t reply. Thank you. | SMS\\gnokii --sendsms 1',0,'2020-07-02 02:21:54','2020-07-02 02:21:54'),(45,'You have just logged in to your account. If you are not the one doing this, please contact admin immediatedly to reset your password. This is an automated text. Please don\'t reply. Thank you. | SMS\\gnokii --sendsms 1',0,'2020-07-02 02:22:22','2020-07-02 02:22:22'),(46,'You have just logged in to your account. If you are not the one doing this, please contact admin immediatedly to reset your password. This is an automated text. Please don\'t reply. Thank you. | SMS\\gnokii --sendsms 1',0,'2020-07-02 02:33:55','2020-07-02 02:33:55'),(47,'You have just logged in to your account. If you are not the one doing this, please contact admin immediatedly to reset your password. This is an automated text. Please don\'t reply. Thank you. | SMS\\gnokii --sendsms 1',0,'2020-07-02 02:54:12','2020-07-02 02:54:12'),(48,'You have just logged in to your account. If you are not the one doing this, please contact admin immediatedly to reset your password. This is an automated text. Please don\'t reply. Thank you. | SMS\\gnokii --sendsms 1',0,'2020-07-02 02:55:45','2020-07-02 02:55:45'),(49,'You have just logged in to your account. If you are not the one doing this, please contact admin immediatedly to reset your password. This is an automated text. Please don\'t reply. Thank you. | SMS\\gnokii --sendsms 1',0,'2020-07-02 02:56:57','2020-07-02 02:56:57'),(50,'You have just logged in to your account. If you are not the one doing this, please contact admin immediatedly to reset your password. This is an automated text. Please don\'t reply. Thank you. | SMS\\gnokii --sendsms 09056194798',0,'2020-07-02 05:04:18','2020-07-02 05:04:18'),(51,'You have just logged in to your account. If you are not the one doing this, please contact admin immediatedly to reset your password. This is an automated text. Please don\'t reply. Thank you. | SMS\\gnokii --sendsms 1',0,'2020-07-02 06:22:58','2020-07-02 06:22:58'),(52,'You have just logged in to your account. If you are not the one doing this, please contact admin immediatedly to reset your password. This is an automated text. Please don\'t reply. Thank you. | SMS\\gnokii --sendsms 1',0,'2020-07-02 06:30:39','2020-07-02 06:30:39'),(53,'You have just logged in to your account. If you are not the one doing this, please contact admin immediatedly to reset your password. This is an automated text. Please don\'t reply. Thank you. | SMS\\gnokii --sendsms 1',0,'2020-07-02 06:34:06','2020-07-02 06:34:06'),(54,'You have just logged in to your account. If you are not the one doing this, please contact admin immediatedly to reset your password. This is an automated text. Please don\'t reply. Thank you. | SMS\\gnokii --sendsms 09056194798',0,'2020-07-02 06:49:54','2020-07-02 06:49:54'),(55,'You have just logged in to your account. If you are not the one doing this, please contact admin immediatedly to reset your password. This is an automated text. Please don\'t reply. Thank you. | SMS\\gnokii --sendsms 1',0,'2020-07-02 13:35:43','2020-07-02 13:35:43'),(56,'You have just logged in to your account. If you are not the one doing this, please contact admin immediatedly to reset your password. This is an automated text. Please don\'t reply. Thank you. | SMS\\gnokii --sendsms 1',0,'2020-07-02 13:38:08','2020-07-02 13:38:08'),(57,'You have updated your account. If you are not the one doing this, please contact admin immediatedly to reset your password. This is an automated text. Please don\'t reply. Thank you. | SMS\\gnokii --sendsms 1',0,'2020-07-02 13:52:15','2020-07-02 13:52:15'),(58,'You have updated your account. If you are not the one doing this, please contact admin immediatedly to reset your password. This is an automated text. Please don\'t reply. Thank you. | SMS\\gnokii --sendsms 09056194798',0,'2020-07-02 13:52:42','2020-07-02 13:52:42'),(59,'You have just logged in to your account. If you are not the one doing this, please contact admin immediatedly to reset your password. This is an automated text. Please don\'t reply. Thank you. | SMS\\gnokii --sendsms 1',0,'2020-07-02 13:57:56','2020-07-02 13:57:56'),(60,'You have just logged in to your account. If you are not the one doing this, please contact admin immediatedly to reset your password. This is an automated text. Please don\'t reply. Thank you. | SMS\\gnokii --sendsms 09056194798',0,'2020-07-02 14:24:12','2020-07-02 14:24:12'),(61,'You have just logged in to your account. If you are not the one doing this, please contact admin immediatedly to reset your password. This is an automated text. Please don\'t reply. Thank you. | SMS\\gnokii --sendsms 1',0,'2020-07-02 14:27:03','2020-07-02 14:27:03'),(62,'You have just logged in to your account. If you are not the one doing this, please contact admin immediatedly to reset your password. This is an automated text. Please don\'t reply. Thank you. | SMS\\gnokii --sendsms 09056194798',0,'2020-07-02 15:05:34','2020-07-02 15:05:34'),(63,'You have just logged in to your account. If you are not the one doing this, please contact admin immediatedly to reset your password. This is an automated text. Please don\'t reply. Thank you. | SMS\\gnokii --sendsms 1',0,'2020-07-02 15:17:16','2020-07-02 15:17:16'),(64,'You have just logged in to your account. If you are not the one doing this, please contact admin immediatedly to reset your password. This is an automated text. Please don\'t reply. Thank you. | SMS\\gnokii --sendsms 1',0,'2020-07-02 15:20:08','2020-07-02 15:20:08'),(65,'You have just logged in to your account. If you are not the one doing this, please contact admin immediatedly to reset your password. This is an automated text. Please don\'t reply. Thank you. | SMS\\gnokii --sendsms 1',0,'2020-07-02 15:20:46','2020-07-02 15:20:46'),(66,'You have just logged in to your account. If you are not the one doing this, please contact admin immediatedly to reset your password. This is an automated text. Please don\'t reply. Thank you. | SMS\\gnokii --sendsms 1',0,'2020-07-02 15:24:01','2020-07-02 15:24:01'),(67,'You have just logged in to your account. If you are not the one doing this, please contact admin immediatedly to reset your password. This is an automated text. Please don\'t reply. Thank you. | SMS\\gnokii --sendsms 1',0,'2020-07-02 15:25:30','2020-07-02 15:25:30'),(68,'You have just logged in to your account. If you are not the one doing this, please contact admin immediatedly to reset your password. This is an automated text. Please don\'t reply. Thank you. | SMS\\gnokii --sendsms 1',0,'2020-07-02 15:27:30','2020-07-02 15:27:30'),(69,'You have just logged in to your account. If you are not the one doing this, please contact admin immediatedly to reset your password. This is an automated text. Please don\'t reply. Thank you. | SMS\\gnokii --sendsms 09056194798',0,'2020-07-02 15:35:36','2020-07-02 15:35:36'),(70,'You have just logged in to your account. If you are not the one doing this, please contact admin immediatedly to reset your password. This is an automated text. Please don\'t reply. Thank you. | SMS\\gnokii --sendsms 09056194798',0,'2020-07-02 15:45:19','2020-07-02 15:45:19'),(71,'You have just logged in to your account. If you are not the one doing this, please contact admin immediatedly to reset your password. This is an automated text. Please don\'t reply. Thank you. | SMS\\gnokii --sendsms 1',0,'2020-07-02 16:02:22','2020-07-02 16:02:22'),(72,'You have just logged in to your account. If you are not the one doing this, please contact admin immediatedly to reset your password. This is an automated text. Please don\'t reply. Thank you. | SMS\\gnokii --sendsms 1',0,'2020-07-02 16:02:47','2020-07-02 16:02:47'),(73,'You have just logged in to your account. If you are not the one doing this, please contact admin immediatedly to reset your password. This is an automated text. Please don\'t reply. Thank you. | SMS\\gnokii --sendsms 1',0,'2020-07-02 16:07:21','2020-07-02 16:07:21'),(74,'You have just logged in to your account. If you are not the one doing this, please contact admin immediatedly to reset your password. This is an automated text. Please don\'t reply. Thank you. | SMS\\gnokii --sendsms 1',0,'2020-07-02 16:07:34','2020-07-02 16:07:34'),(75,'You have just logged in to your account. If you are not the one doing this, please contact admin immediatedly to reset your password. This is an automated text. Please don\'t reply. Thank you. | SMS\\gnokii --sendsms 1',0,'2020-07-02 16:09:53','2020-07-02 16:09:53'),(76,'You have just logged in to your account. If you are not the one doing this, please contact admin immediatedly to reset your password. This is an automated text. Please don\'t reply. Thank you. | SMS\\gnokii --sendsms 1',0,'2020-07-02 16:16:20','2020-07-02 16:16:20'),(77,'You have just logged in to your account. If you are not the one doing this, please contact admin immediatedly to reset your password. This is an automated text. Please don\'t reply. Thank you. | SMS\\gnokii --sendsms 1',0,'2020-07-02 16:16:33','2020-07-02 16:16:33'),(78,'You have just logged in to your account. If you are not the one doing this, please contact admin immediatedly to reset your password. This is an automated text. Please don\'t reply. Thank you. | SMS\\gnokii --sendsms 1',0,'2020-07-02 16:23:17','2020-07-02 16:23:17'),(79,'You have just logged in to your account. If you are not the one doing this, please contact admin immediatedly to reset your password. This is an automated text. Please don\'t reply. Thank you. | SMS\\gnokii --sendsms 1',0,'2020-07-02 16:25:44','2020-07-02 16:25:44'),(80,'You have just logged in to your account. If you are not the one doing this, please contact admin immediatedly to reset your password. This is an automated text. Please don\'t reply. Thank you. | SMS\\gnokii --sendsms 1',0,'2020-07-02 16:28:36','2020-07-02 16:28:36'),(81,'You have just logged in to your account. If you are not the one doing this, please contact admin immediatedly to reset your password. This is an automated text. Please don\'t reply. Thank you. | SMS\\gnokii --sendsms 1',0,'2020-07-02 16:28:56','2020-07-02 16:28:56'),(82,'You have just logged in to your account. If you are not the one doing this, please contact admin immediatedly to reset your password. This is an automated text. Please don\'t reply. Thank you. | SMS\\gnokii --sendsms 1',0,'2020-07-02 16:29:30','2020-07-02 16:29:30'),(83,'You have just logged in to your account. If you are not the one doing this, please contact admin immediatedly to reset your password. This is an automated text. Please don\'t reply. Thank you. | SMS\\gnokii --sendsms 09056194798',0,'2020-07-03 01:34:12','2020-07-03 01:34:12'),(84,'You have just logged in to your account. If you are not the one doing this, please contact admin immediatedly to reset your password. This is an automated text. Please don\'t reply. Thank you. | SMS\\gnokii --sendsms 09056194798',0,'2020-07-03 05:57:02','2020-07-03 05:57:02'),(85,'You have just logged in to your account. If you are not the one doing this, please contact admin immediatedly to reset your password. This is an automated text. Please don\'t reply. Thank you. | SMS\\gnokii --sendsms 09056194798',0,'2020-07-04 07:01:34','2020-07-04 07:01:34'),(86,'You have just logged in to your account. If you are not the one doing this, please contact admin immediatedly to reset your password. This is an automated text. Please don\'t reply. Thank you. | SMS\\gnokii --sendsms 09056194798',0,'2020-07-04 12:39:51','2020-07-04 12:39:51'),(87,'You have just logged in to your account. If you are not the one doing this, please contact admin immediatedly to reset your password. This is an automated text. Please don\'t reply. Thank you. | SMS\\gnokii --sendsms 1',0,'2020-07-04 13:20:24','2020-07-04 13:20:24'),(88,'You have just logged in to your account. If you are not the one doing this, please contact admin immediatedly to reset your password. This is an automated text. Please don\'t reply. Thank you. | SMS\\gnokii --sendsms 09056194798',0,'2020-07-04 14:05:16','2020-07-04 14:05:16'),(89,'You have updated your account. If you are not the one doing this, please contact admin immediatedly to reset your password. This is an automated text. Please don\'t reply. Thank you. | SMS\\gnokii --sendsms 09056194798',0,'2020-07-04 14:05:42','2020-07-04 14:05:42'),(90,'You have just logged in to your account. If you are not the one doing this, please contact admin immediatedly to reset your password. This is an automated text. Please don\'t reply. Thank you. | SMS\\gnokii --sendsms 09056194798',0,'2020-07-06 16:26:20','2020-07-06 16:26:20'),(91,'You have just logged in to your account. If you are not the one doing this, please contact admin immediatedly to reset your password. This is an automated text. Please don\'t reply. Thank you. | SMS\\gnokii --sendsms 09056194798',0,'2020-07-14 13:33:33','2020-07-14 13:33:33'),(92,'You have just logged in to your account. If you are not the one doing this, please contact admin immediatedly to reset your password. This is an automated text. Please don\'t reply. Thank you. | SMS\\gnokii --sendsms 09056194798',0,'2020-07-14 13:40:35','2020-07-14 13:40:35'),(93,'You have just logged in to your account. If you are not the one doing this, please contact admin immediatedly to reset your password. This is an automated text. Please don\'t reply. Thank you. | SMS\\gnokii --sendsms 1',0,'2020-07-14 13:43:44','2020-07-14 13:43:44'),(94,'You have just logged in to your account. If you are not the one doing this, please contact admin immediatedly to reset your password. This is an automated text. Please don\'t reply. Thank you. | SMS\\gnokii --sendsms 1',0,'2020-07-14 13:44:57','2020-07-14 13:44:57'),(95,'You have just logged in to your account. If you are not the one doing this, please contact admin immediatedly to reset your password. This is an automated text. Please don\'t reply. Thank you. | SMS\\gnokii --sendsms 1',0,'2020-07-14 13:45:29','2020-07-14 13:45:29'),(96,'You have just logged in to your account. If you are not the one doing this, please contact admin immediatedly to reset your password. This is an automated text. Please don\'t reply. Thank you. | SMS\\gnokii --sendsms 1',0,'2020-07-14 13:46:34','2020-07-14 13:46:34'),(97,'You have just logged in to your account. If you are not the one doing this, please contact admin immediatedly to reset your password. This is an automated text. Please don\'t reply. Thank you. | SMS\\gnokii --sendsms 1',0,'2020-07-14 13:46:48','2020-07-14 13:46:48'),(98,'You have just logged in to your account. If you are not the one doing this, please contact admin immediatedly to reset your password. This is an automated text. Please don\'t reply. Thank you. | SMS\\gnokii --sendsms 1',0,'2020-07-14 13:47:48','2020-07-14 13:47:48'),(99,'You have just logged in to your account. If you are not the one doing this, please contact admin immediatedly to reset your password. This is an automated text. Please don\'t reply. Thank you. | SMS\\gnokii --sendsms 1',0,'2020-07-14 13:49:10','2020-07-14 13:49:10'),(100,'You have just logged in to your account. If you are not the one doing this, please contact admin immediatedly to reset your password. This is an automated text. Please don\'t reply. Thank you. | SMS\\gnokii --sendsms 1',0,'2020-07-14 13:50:49','2020-07-14 13:50:49'),(101,'You have just logged in to your account. If you are not the one doing this, please contact admin immediatedly to reset your password. This is an automated text. Please don\'t reply. Thank you. | SMS\\gnokii --sendsms 1',0,'2020-07-14 13:51:41','2020-07-14 13:51:41'),(102,'You have just logged in to your account. If you are not the one doing this, please contact admin immediatedly to reset your password. This is an automated text. Please don\'t reply. Thank you. | SMS\\gnokii --sendsms 1',0,'2020-07-14 13:52:31','2020-07-14 13:52:31'),(103,'You have just logged in to your account. If you are not the one doing this, please contact admin immediatedly to reset your password. This is an automated text. Please don\'t reply. Thank you. | SMS\\gnokii --sendsms 1',0,'2020-07-14 13:52:49','2020-07-14 13:52:49'),(104,'You have just logged in to your account. If you are not the one doing this, please contact admin immediatedly to reset your password. This is an automated text. Please don\'t reply. Thank you. | SMS\\gnokii --sendsms 1',0,'2020-07-14 13:53:28','2020-07-14 13:53:28'),(105,'You have just logged in to your account. If you are not the one doing this, please contact admin immediatedly to reset your password. This is an automated text. Please don\'t reply. Thank you. | SMS\\gnokii --sendsms 1',0,'2020-07-14 13:59:52','2020-07-14 13:59:52'),(106,'You have just logged in to your account. If you are not the one doing this, please contact admin immediatedly to reset your password. This is an automated text. Please don\'t reply. Thank you. | SMS\\gnokii --sendsms 1',0,'2020-07-14 14:24:36','2020-07-14 14:24:36'),(107,'You have just logged in to your account. If you are not the one doing this, please contact admin immediatedly to reset your password. This is an automated text. Please don\'t reply. Thank you. | SMS\\gnokii --sendsms 1',0,'2020-07-14 14:25:14','2020-07-14 14:25:14'),(108,'You have just logged in to your account. If you are not the one doing this, please contact admin immediatedly to reset your password. This is an automated text. Please don\'t reply. Thank you. | SMS\\gnokii --sendsms 1',0,'2020-07-14 14:25:49','2020-07-14 14:25:49'),(109,'You have just logged in to your account. If you are not the one doing this, please contact admin immediatedly to reset your password. This is an automated text. Please don\'t reply. Thank you. | SMS\\gnokii --sendsms 1',0,'2020-07-14 14:26:27','2020-07-14 14:26:27'),(110,'You have just logged in to your account. If you are not the one doing this, please contact admin immediatedly to reset your password. This is an automated text. Please don\'t reply. Thank you. | SMS\\gnokii --sendsms 1',0,'2020-07-14 14:27:10','2020-07-14 14:27:10'),(111,'You have just logged in to your account. If you are not the one doing this, please contact admin immediatedly to reset your password. This is an automated text. Please don\'t reply. Thank you. | SMS\\gnokii --sendsms 1',0,'2020-07-14 14:27:47','2020-07-14 14:27:47'),(112,'You have just logged in to your account. If you are not the one doing this, please contact admin immediatedly to reset your password. This is an automated text. Please don\'t reply. Thank you. | SMS\\gnokii --sendsms 1',0,'2020-07-14 14:28:23','2020-07-14 14:28:23'),(113,'You have just logged in to your account. If you are not the one doing this, please contact admin immediatedly to reset your password. This is an automated text. Please don\'t reply. Thank you. | SMS\\gnokii --sendsms 1',0,'2020-07-14 14:29:13','2020-07-14 14:29:13'),(114,'You have just logged in to your account. If you are not the one doing this, please contact admin immediatedly to reset your password. This is an automated text. Please don\'t reply. Thank you. | SMS\\gnokii --sendsms 09056194798',0,'2020-07-14 14:30:42','2020-07-14 14:30:42'),(115,'You have just logged in to your account. If you are not the one doing this, please contact admin immediatedly to reset your password. This is an automated text. Please don\'t reply. Thank you. | SMS\\gnokii --sendsms 1',0,'2020-07-14 14:30:54','2020-07-14 14:30:54'),(116,'You have just logged in to your account. If you are not the one doing this, please contact admin immediatedly to reset your password. This is an automated text. Please don\'t reply. Thank you. | SMS\\gnokii --sendsms 09056194798',0,'2020-07-14 14:32:05','2020-07-14 14:32:05'),(117,'You have just logged in to your account. If you are not the one doing this, please contact admin immediatedly to reset your password. This is an automated text. Please don\'t reply. Thank you. | SMS\\gnokii --sendsms 09056194798',0,'2020-07-14 14:43:06','2020-07-14 14:43:06'),(118,'You have just logged in to your account. If you are not the one doing this, please contact admin immediatedly to reset your password. This is an automated text. Please don\'t reply. Thank you. | SMS\\gnokii --sendsms 09056194798',0,'2020-07-14 16:27:08','2020-07-14 16:27:08'),(119,'You have just logged in to your account. If you are not the one doing this, please contact admin immediatedly to reset your password. This is an automated text. Please don\'t reply. Thank you. | SMS\\gnokii --sendsms 09056194798',0,'2020-07-15 12:35:08','2020-07-15 12:35:08'),(120,'You have just logged in to your account. If you are not the one doing this, please contact admin immediatedly to reset your password. This is an automated text. Please don\'t reply. Thank you. | SMS\\gnokii --sendsms 09056194798',0,'2020-07-15 14:53:19','2020-07-15 14:53:19'),(121,'You have just logged in to your account. If you are not the one doing this, please contact admin immediatedly to reset your password. This is an automated text. Please don\'t reply. Thank you. | SMS\\gnokii --sendsms 09056194798',0,'2020-07-15 15:35:15','2020-07-15 15:35:15'),(122,'You have just logged in to your account. If you are not the one doing this, please contact admin immediatedly to reset your password. This is an automated text. Please don\'t reply. Thank you. | SMS\\gnokii --sendsms 1',0,'2020-07-21 16:44:35','2020-07-21 16:44:35'),(123,'You have just logged in to your account. If you are not the one doing this, please contact admin immediatedly to reset your password. This is an automated text. Please don\'t reply. Thank you. | SMS\\gnokii --sendsms 1',0,'2020-07-21 16:56:00','2020-07-21 16:56:00');
/*!40000 ALTER TABLE `sms` ENABLE KEYS */;
UNLOCK TABLES;

--
-- Table structure for table `student_announcements`
--

DROP TABLE IF EXISTS `student_announcements`;
/*!40101 SET @saved_cs_client     = @@character_set_client */;
/*!40101 SET character_set_client = utf8 */;
CREATE TABLE `student_announcements` (
  `id` int(10) unsigned NOT NULL AUTO_INCREMENT,
  `announcement_id` int(11) NOT NULL,
  `student_id` int(11) NOT NULL,
  PRIMARY KEY (`id`)
) ENGINE=InnoDB DEFAULT CHARSET=utf8mb4 COLLATE=utf8mb4_unicode_ci;
/*!40101 SET character_set_client = @saved_cs_client */;

--
-- Dumping data for table `student_announcements`
--

LOCK TABLES `student_announcements` WRITE;
/*!40000 ALTER TABLE `student_announcements` DISABLE KEYS */;
/*!40000 ALTER TABLE `student_announcements` ENABLE KEYS */;
UNLOCK TABLES;

--
-- Table structure for table `student_answers`
--

DROP TABLE IF EXISTS `student_answers`;
/*!40101 SET @saved_cs_client     = @@character_set_client */;
/*!40101 SET character_set_client = utf8 */;
CREATE TABLE `student_answers` (
  `id` int(10) unsigned NOT NULL AUTO_INCREMENT,
  `student_id` int(11) NOT NULL,
  `question_id` int(11) NOT NULL,
  `answer` varchar(191) COLLATE utf8mb4_unicode_ci DEFAULT NULL,
  PRIMARY KEY (`id`)
) ENGINE=InnoDB AUTO_INCREMENT=376 DEFAULT CHARSET=utf8mb4 COLLATE=utf8mb4_unicode_ci;
/*!40101 SET character_set_client = @saved_cs_client */;

--
-- Dumping data for table `student_answers`
--

LOCK TABLES `student_answers` WRITE;
/*!40000 ALTER TABLE `student_answers` DISABLE KEYS */;
INSERT INTO `student_answers` VALUES (1,1,4,'14'),(2,1,7,'25'),(3,3,2,'6'),(4,3,5,'17'),(5,1,2,'6'),(6,3,6,'21'),(7,3,1,'1'),(8,1,6,'21'),(9,3,3,'9'),(10,1,5,'19'),(11,1,3,'9'),(12,3,4,'14'),(13,2,7,'25'),(14,2,1,'3'),(15,2,4,'14'),(16,2,3,'11'),(17,2,2,'6'),(18,1,18,'48'),(19,1,14,'40'),(20,1,15,'42'),(21,1,17,'46'),(22,1,16,'44'),(23,2,18,'48'),(24,2,15,'42'),(25,2,14,'40'),(26,2,17,'46'),(27,2,16,'44'),(28,3,18,'48'),(29,3,16,'44'),(30,3,15,'42'),(31,3,14,'40'),(32,3,17,'46'),(33,5,5,'17'),(34,5,3,'9'),(35,5,4,'14'),(36,5,2,'6'),(37,5,6,'24'),(38,5,1,'1'),(39,5,7,'25'),(40,10,26,'72'),(41,10,25,'70'),(42,10,27,'74'),(43,10,23,'66'),(44,10,24,'68'),(45,4,27,'74'),(46,4,23,'66'),(47,4,25,'70'),(48,4,26,'72'),(49,4,24,'68'),(50,6,33,'85'),(51,6,31,'83'),(52,6,32,'83'),(53,25,69,'226'),(54,26,78,'265'),(55,25,70,'232'),(56,25,66,'217'),(57,26,68,'222'),(58,26,76,'254'),(59,25,67,'218'),(60,26,66,'215'),(61,26,72,'238'),(62,26,64,'206'),(63,25,72,'239'),(64,25,76,'254'),(65,25,64,'208'),(66,26,65,'210'),(67,26,73,'244'),(68,25,73,'243'),(69,26,74,'248'),(70,26,70,'233'),(71,25,71,'235'),(72,26,71,'237'),(73,25,77,'258'),(74,25,65,'212'),(75,25,68,'225'),(76,26,77,'261'),(77,26,69,'229'),(78,26,67,'221'),(79,26,75,'252'),(80,25,74,'248'),(81,25,78,'262'),(82,25,75,'251'),(83,27,73,'243'),(84,27,78,'263'),(85,27,77,'259'),(86,27,66,'217'),(87,27,71,'235'),(88,27,65,'212'),(89,27,70,'233'),(90,27,67,'221'),(91,27,72,'240'),(92,27,74,'247'),(93,27,76,'256'),(94,27,64,'209'),(95,27,75,'253'),(96,27,69,'227'),(97,27,68,'222'),(98,11,6,'21'),(99,11,1,'1'),(100,11,2,'5'),(101,11,5,'17'),(102,11,4,'14'),(103,11,7,'25'),(104,11,3,'9'),(105,33,70,'230'),(106,33,75,'251'),(107,33,72,'238'),(108,33,78,'263'),(109,33,64,'209'),(110,33,76,'254'),(111,33,68,'223'),(112,33,65,'211'),(113,33,67,'220'),(114,33,71,'236'),(115,33,74,'246'),(116,33,73,'244'),(117,33,66,'217'),(118,33,77,'259'),(119,24,79,'268'),(120,24,88,'305'),(121,24,84,'289'),(122,24,85,'291'),(123,24,81,'276'),(124,24,83,'282'),(125,24,87,'298'),(126,24,80,'270'),(127,24,86,'295'),(128,24,82,'280'),(129,25,81,'276'),(130,25,79,'268'),(131,25,86,'295'),(132,25,84,'289'),(133,25,82,'278'),(134,25,83,'284'),(135,25,88,'303'),(136,25,85,'292'),(137,25,80,'271'),(138,25,87,'298'),(139,27,79,'268'),(140,27,87,'298'),(141,27,83,'282'),(142,27,81,'276'),(143,27,82,'280'),(144,27,86,'295'),(145,27,80,'271'),(146,27,84,'287'),(147,27,88,'304'),(148,27,85,'290'),(149,28,84,'289'),(150,28,80,'270'),(151,28,86,'295'),(152,28,87,'298'),(153,28,79,'268'),(154,28,81,'276'),(155,28,83,'284'),(156,28,82,'280'),(157,28,85,'291'),(158,28,88,'304'),(159,29,87,'298'),(160,29,79,'268'),(161,29,88,'304'),(162,29,86,'295'),(163,29,84,'289'),(164,29,80,'272'),(165,29,81,'274'),(166,29,85,'290'),(167,29,83,'284'),(168,29,82,'280'),(169,25,96,'334'),(170,25,98,'344'),(171,24,93,'322'),(172,24,90,'312'),(173,25,89,'306'),(174,25,93,'322'),(175,24,92,'318'),(176,24,91,'314'),(177,25,97,'339'),(178,25,94,'327'),(179,24,95,'332'),(180,24,97,'340'),(181,24,94,'327'),(182,24,89,'308'),(183,25,92,'320'),(184,25,90,'312'),(185,25,95,'332'),(186,25,91,'316'),(187,24,96,'334'),(188,24,98,'344'),(189,27,91,'316'),(190,27,92,'320'),(191,27,95,'331'),(192,27,89,'306'),(193,27,97,'338'),(194,27,98,'344'),(195,27,90,'312'),(196,27,96,'334'),(197,27,94,'327'),(198,28,95,'332'),(199,28,90,'312'),(200,28,92,'320'),(201,28,96,'334'),(202,28,98,'344'),(203,28,91,'316'),(204,28,97,'339'),(205,28,93,'322'),(206,28,89,'308'),(207,28,94,'328'),(208,29,95,'332'),(209,29,98,'344'),(210,30,94,'327'),(211,30,91,'316'),(212,29,97,'339'),(213,29,96,'334'),(214,30,90,'312'),(215,30,89,'306'),(216,29,94,'327'),(217,29,91,'314'),(218,30,92,'320'),(219,30,93,'322'),(220,29,92,'320'),(221,29,93,'322'),(222,29,89,'306'),(223,29,90,'312'),(224,30,96,'334'),(225,30,97,'340'),(226,30,98,'344'),(227,30,95,'332'),(228,32,96,'334'),(229,32,98,'344'),(230,32,89,'306'),(231,32,92,'320'),(232,32,91,'316'),(233,32,95,'332'),(234,32,93,'322'),(235,32,97,'339'),(236,32,94,'327'),(237,32,90,'312'),(238,34,98,'343'),(239,34,95,'332'),(240,34,91,'316'),(241,34,96,'334'),(242,34,97,'339'),(243,34,90,'312'),(244,34,92,'318'),(245,34,93,'323'),(246,34,89,'307'),(247,34,94,'326'),(248,36,98,'344'),(249,36,92,'320'),(250,36,96,'335'),(251,36,94,'326'),(252,36,91,'315'),(253,36,93,'324'),(254,36,89,'308'),(255,36,90,'311'),(256,36,97,'340'),(257,36,95,'330'),(258,10,4,'15'),(259,10,5,'19'),(260,10,6,'22'),(261,10,1,'2'),(262,10,2,'7'),(263,10,7,'25'),(264,10,3,'9'),(265,12,4,'14'),(266,12,2,'5'),(267,12,7,'26'),(268,12,6,'23'),(269,12,3,'11'),(270,12,1,'1'),(271,12,5,'18'),(272,13,4,'15'),(273,13,7,'26'),(274,13,5,'19'),(275,13,2,'8'),(276,13,3,'11'),(277,13,6,'22'),(278,13,1,'2'),(279,14,4,'15'),(280,14,6,'22'),(281,14,2,'7'),(282,14,1,'3'),(283,14,7,'27'),(284,14,3,'10'),(285,14,5,'18'),(286,4,4,'15'),(287,4,7,'27'),(288,4,2,'5'),(289,4,3,'10'),(290,4,5,'19'),(291,4,1,'3'),(292,4,6,'24'),(293,6,5,'18'),(294,6,4,'13'),(295,6,6,'23'),(296,6,2,'7'),(297,6,7,'27'),(298,6,1,'2'),(299,6,3,'10'),(300,8,1,'2'),(301,8,6,'23'),(302,8,2,'5'),(303,8,4,'13'),(304,8,7,'28'),(305,8,3,'11'),(306,8,5,'18'),(307,9,1,'3'),(308,9,4,'13'),(309,9,7,'26'),(310,9,5,'18'),(311,9,2,'7'),(312,9,6,'23'),(313,9,3,'12'),(314,15,4,'14'),(315,15,3,'9'),(316,15,2,'6'),(317,15,5,'17'),(318,15,1,'1'),(319,15,7,'25'),(320,15,6,'21'),(321,16,1,'3'),(322,16,5,'17'),(323,16,6,'21'),(324,16,3,'10'),(325,16,4,'16'),(326,16,7,'28'),(327,16,2,'5'),(328,17,7,'27'),(329,17,3,'11'),(330,17,6,'21'),(331,17,1,'3'),(332,17,5,'17'),(333,17,2,'5'),(334,17,4,'16'),(335,18,7,'27'),(336,18,1,'1'),(337,18,3,'10'),(338,18,2,'5'),(339,18,5,'17'),(340,18,4,'14'),(341,18,6,'21'),(342,19,5,'17'),(343,19,2,'7'),(344,19,4,'13'),(345,19,7,'27'),(346,19,1,'2'),(347,19,3,'11'),(348,20,3,'10'),(349,20,6,'21'),(350,20,2,'8'),(351,20,4,'15'),(352,20,1,'2'),(353,20,5,'17'),(354,20,7,'28'),(355,21,7,'26'),(356,21,1,'3'),(357,21,3,'10'),(358,21,2,'5'),(359,21,6,'21'),(360,21,4,'13'),(361,21,5,'17'),(362,22,7,'27'),(363,22,3,'10'),(364,22,4,'13'),(365,22,6,'21'),(366,22,1,'3'),(367,22,2,'7'),(368,22,5,'17'),(369,23,2,'8'),(370,23,5,'17'),(371,23,1,'2'),(372,23,4,'15'),(373,23,7,'27'),(374,23,3,'11'),(375,23,6,'21');
/*!40000 ALTER TABLE `student_answers` ENABLE KEYS */;
UNLOCK TABLES;

--
-- Table structure for table `student_exams`
--

DROP TABLE IF EXISTS `student_exams`;
/*!40101 SET @saved_cs_client     = @@character_set_client */;
/*!40101 SET character_set_client = utf8 */;
CREATE TABLE `student_exams` (
  `id` int(10) unsigned NOT NULL AUTO_INCREMENT,
  `student_id` int(11) NOT NULL,
  `examination_id` int(11) NOT NULL,
  `end_time` varchar(191) COLLATE utf8mb4_unicode_ci NOT NULL,
  `is_resumed` tinyint(1) NOT NULL DEFAULT '0',
  `submitted` varchar(191) COLLATE utf8mb4_unicode_ci NOT NULL,
  PRIMARY KEY (`id`)
) ENGINE=InnoDB AUTO_INCREMENT=56 DEFAULT CHARSET=utf8mb4 COLLATE=utf8mb4_unicode_ci;
/*!40101 SET character_set_client = @saved_cs_client */;

--
-- Dumping data for table `student_exams`
--

LOCK TABLES `student_exams` WRITE;
/*!40000 ALTER TABLE `student_exams` DISABLE KEYS */;
INSERT INTO `student_exams` VALUES (1,3,1,'2020-06-02 14:02:43',1,'true'),(2,1,1,'2020-06-02 14:02:55',1,'true'),(3,2,1,'2020-06-02 14:03:36',1,'true'),(4,1,2,'2020-06-02 14:39:38',1,'true'),(5,2,2,'2020-06-02 14:39:36',1,'true'),(6,3,2,'2020-06-02 14:39:32',1,'true'),(7,5,1,'2020-06-02 21:07:43',1,'true'),(8,9,2,'2020-06-03 09:29:08',1,''),(9,10,2,'2020-06-03 09:33:15',1,''),(10,10,5,'2020-06-03 14:51:40',1,'true'),(11,4,5,'2020-06-03 20:23:09',1,'true'),(12,6,6,'2020-06-09 23:21:47',1,'true'),(13,24,7,'2020-07-02 11:00:33',1,'true'),(14,26,7,'2020-07-02 11:00:34',1,'true'),(15,25,7,'2020-07-02 11:00:32',1,'true'),(16,27,7,'2020-07-02 14:29:06',1,'true'),(17,11,1,'2020-07-02 14:33:59',1,'true'),(18,7,1,'2020-07-02 14:37:18',1,'true'),(19,32,7,'2020-07-02 21:39:16',1,'true'),(20,33,7,'2020-07-02 22:02:17',1,'true'),(21,24,8,'2020-07-02 23:19:48',1,'true'),(22,26,8,'2020-07-02 23:23:02',1,'true'),(23,25,8,'2020-07-02 23:23:17',1,'true'),(24,25,8,'2020-07-02 23:23:17',1,'true'),(25,27,8,'2020-07-02 23:26:13',1,'true'),(26,28,8,'2020-07-02 23:27:46',1,'true'),(27,29,8,'2020-07-02 23:30:43',1,'true'),(28,25,9,'2020-07-03 00:07:29',1,'true'),(29,24,9,'2020-07-03 00:07:27',1,'true'),(30,26,9,'2020-07-03 00:11:29',1,'true'),(31,27,9,'2020-07-03 00:11:28',1,'true'),(32,28,9,'2020-07-03 00:13:32',1,'true'),(33,30,9,'2020-07-03 00:20:25',1,'true'),(34,29,9,'2020-07-03 00:20:27',1,'true'),(35,32,9,'2020-07-03 00:26:44',1,'true'),(36,34,9,'2020-07-03 00:29:20',1,'true'),(37,35,9,'2020-07-03 00:33:30',1,'true'),(38,36,9,'2020-07-03 00:33:35',1,'true'),(39,10,1,'2020-07-14 21:48:33',1,'true'),(40,12,1,'2020-07-14 21:49:52',1,'true'),(41,13,1,'2020-07-14 21:50:54',1,'true'),(42,14,1,'2020-07-14 21:52:14',1,'true'),(43,4,1,'2020-07-14 21:53:53',1,'true'),(44,6,1,'2020-07-14 21:54:44',1,'true'),(45,8,1,'2020-07-14 21:55:53',1,'true'),(46,9,1,'2020-07-14 21:56:34',1,'true'),(47,15,1,'2020-07-14 22:02:59',1,'true'),(48,16,1,'2020-07-14 22:27:39',1,'true'),(49,17,1,'2020-07-14 22:28:18',1,'true'),(50,18,1,'2020-07-14 22:28:53',1,'true'),(51,19,1,'2020-07-14 22:29:31',1,'true'),(52,20,1,'2020-07-14 22:30:14',1,'true'),(53,21,1,'2020-07-14 22:30:52',1,'true'),(54,22,1,'2020-07-14 22:31:27',1,'true'),(55,23,1,'2020-07-14 22:32:17',1,'true');
/*!40000 ALTER TABLE `student_exams` ENABLE KEYS */;
UNLOCK TABLES;

--
-- Table structure for table `student_files`
--

DROP TABLE IF EXISTS `student_files`;
/*!40101 SET @saved_cs_client     = @@character_set_client */;
/*!40101 SET character_set_client = utf8 */;
CREATE TABLE `student_files` (
  `id` int(10) unsigned NOT NULL AUTO_INCREMENT,
  `file_id` int(11) NOT NULL,
  `student_id` int(11) NOT NULL,
  PRIMARY KEY (`id`)
) ENGINE=InnoDB AUTO_INCREMENT=2 DEFAULT CHARSET=utf8mb4 COLLATE=utf8mb4_unicode_ci;
/*!40101 SET character_set_client = @saved_cs_client */;

--
-- Dumping data for table `student_files`
--

LOCK TABLES `student_files` WRITE;
/*!40000 ALTER TABLE `student_files` DISABLE KEYS */;
INSERT INTO `student_files` VALUES (1,1,9);
/*!40000 ALTER TABLE `student_files` ENABLE KEYS */;
UNLOCK TABLES;

--
-- Table structure for table `student_records`
--

DROP TABLE IF EXISTS `student_records`;
/*!40101 SET @saved_cs_client     = @@character_set_client */;
/*!40101 SET character_set_client = utf8 */;
CREATE TABLE `student_records` (
  `id` int(10) unsigned NOT NULL AUTO_INCREMENT,
  `student_id` int(11) NOT NULL,
  `class_record_id` int(11) NOT NULL,
  `created_at` timestamp NULL DEFAULT NULL,
  `updated_at` timestamp NULL DEFAULT NULL,
  PRIMARY KEY (`id`)
) ENGINE=InnoDB AUTO_INCREMENT=117 DEFAULT CHARSET=utf8mb4 COLLATE=utf8mb4_unicode_ci;
/*!40101 SET character_set_client = @saved_cs_client */;

--
-- Dumping data for table `student_records`
--

LOCK TABLES `student_records` WRITE;
/*!40000 ALTER TABLE `student_records` DISABLE KEYS */;
INSERT INTO `student_records` VALUES (1,1,1,'2020-06-02 05:32:33','2020-06-02 05:32:33'),(2,1,2,'2020-06-02 05:32:33','2020-06-02 05:32:33'),(3,2,1,'2020-06-02 05:32:33','2020-06-02 05:32:33'),(4,2,2,'2020-06-02 05:32:33','2020-06-02 05:32:33'),(5,3,1,'2020-06-02 05:32:33','2020-06-02 05:32:33'),(6,3,2,'2020-06-02 05:32:33','2020-06-02 05:32:33'),(7,4,1,'2020-06-02 05:32:34','2020-06-02 05:32:34'),(8,4,2,'2020-06-02 05:32:34','2020-06-02 05:32:34'),(9,5,1,'2020-06-02 05:32:34','2020-06-02 05:32:34'),(10,5,2,'2020-06-02 05:32:34','2020-06-02 05:32:34'),(11,6,1,'2020-06-02 05:32:35','2020-06-02 05:32:35'),(12,6,2,'2020-06-02 05:32:35','2020-06-02 05:32:35'),(13,7,1,'2020-06-02 05:32:35','2020-06-02 05:32:35'),(14,7,2,'2020-06-02 05:32:35','2020-06-02 05:32:35'),(15,8,1,'2020-06-02 05:32:36','2020-06-02 05:32:36'),(16,8,2,'2020-06-02 05:32:36','2020-06-02 05:32:36'),(17,9,1,'2020-06-02 05:32:36','2020-06-02 05:32:36'),(18,9,2,'2020-06-02 05:32:36','2020-06-02 05:32:36'),(19,10,1,'2020-06-02 05:32:36','2020-06-02 05:32:36'),(20,10,2,'2020-06-02 05:32:36','2020-06-02 05:32:36'),(21,11,1,'2020-06-02 05:32:37','2020-06-02 05:32:37'),(22,11,2,'2020-06-02 05:32:37','2020-06-02 05:32:37'),(23,12,1,'2020-06-02 05:32:37','2020-06-02 05:32:37'),(24,12,2,'2020-06-02 05:32:37','2020-06-02 05:32:37'),(25,13,1,'2020-06-02 05:32:38','2020-06-02 05:32:38'),(26,13,2,'2020-06-02 05:32:38','2020-06-02 05:32:38'),(27,14,1,'2020-06-02 05:32:38','2020-06-02 05:32:38'),(28,14,2,'2020-06-02 05:32:38','2020-06-02 05:32:38'),(29,15,1,'2020-06-02 05:32:39','2020-06-02 05:32:39'),(30,15,2,'2020-06-02 05:32:39','2020-06-02 05:32:39'),(31,16,1,'2020-06-02 05:32:39','2020-06-02 05:32:39'),(32,16,2,'2020-06-02 05:32:39','2020-06-02 05:32:39'),(33,17,1,'2020-06-02 05:32:40','2020-06-02 05:32:40'),(34,17,2,'2020-06-02 05:32:40','2020-06-02 05:32:40'),(35,18,1,'2020-06-02 05:32:41','2020-06-02 05:32:41'),(36,18,2,'2020-06-02 05:32:41','2020-06-02 05:32:41'),(37,19,1,'2020-06-02 05:32:41','2020-06-02 05:32:41'),(38,19,2,'2020-06-02 05:32:41','2020-06-02 05:32:41'),(39,20,1,'2020-06-02 05:32:41','2020-06-02 05:32:41'),(40,20,2,'2020-06-02 05:32:41','2020-06-02 05:32:41'),(41,21,1,'2020-06-02 05:32:42','2020-06-02 05:32:42'),(42,21,2,'2020-06-02 05:32:42','2020-06-02 05:32:42'),(43,22,1,'2020-06-02 05:32:42','2020-06-02 05:32:42'),(44,22,2,'2020-06-02 05:32:42','2020-06-02 05:32:42'),(45,23,1,'2020-06-02 05:32:43','2020-06-02 05:32:43'),(46,23,2,'2020-06-02 05:32:43','2020-06-02 05:32:43'),(47,24,7,'2020-07-02 02:47:56','2020-07-02 02:47:56'),(48,24,8,'2020-07-02 02:47:56','2020-07-02 02:47:56'),(49,25,7,'2020-07-02 02:47:58','2020-07-02 02:47:58'),(50,25,8,'2020-07-02 02:47:58','2020-07-02 02:47:58'),(51,26,7,'2020-07-02 02:47:59','2020-07-02 02:47:59'),(52,26,8,'2020-07-02 02:48:00','2020-07-02 02:48:00'),(53,27,7,'2020-07-02 02:48:00','2020-07-02 02:48:00'),(54,27,8,'2020-07-02 02:48:00','2020-07-02 02:48:00'),(55,28,7,'2020-07-02 02:48:01','2020-07-02 02:48:01'),(56,28,8,'2020-07-02 02:48:02','2020-07-02 02:48:02'),(57,29,7,'2020-07-02 02:48:02','2020-07-02 02:48:02'),(58,29,8,'2020-07-02 02:48:02','2020-07-02 02:48:02'),(59,30,7,'2020-07-02 02:48:02','2020-07-02 02:48:02'),(60,30,8,'2020-07-02 02:48:02','2020-07-02 02:48:02'),(61,31,7,'2020-07-02 02:48:03','2020-07-02 02:48:03'),(62,31,8,'2020-07-02 02:48:03','2020-07-02 02:48:03'),(63,32,7,'2020-07-02 02:48:04','2020-07-02 02:48:04'),(64,32,8,'2020-07-02 02:48:04','2020-07-02 02:48:04'),(65,33,7,'2020-07-02 02:48:06','2020-07-02 02:48:06'),(66,33,8,'2020-07-02 02:48:06','2020-07-02 02:48:06'),(67,34,7,'2020-07-02 02:48:07','2020-07-02 02:48:07'),(68,34,8,'2020-07-02 02:48:07','2020-07-02 02:48:07'),(69,35,7,'2020-07-02 02:48:09','2020-07-02 02:48:09'),(70,35,8,'2020-07-02 02:48:09','2020-07-02 02:48:09'),(71,36,7,'2020-07-02 02:48:10','2020-07-02 02:48:10'),(72,36,8,'2020-07-02 02:48:11','2020-07-02 02:48:11'),(73,37,7,'2020-07-02 02:48:12','2020-07-02 02:48:12'),(74,37,8,'2020-07-02 02:48:12','2020-07-02 02:48:12'),(75,38,7,'2020-07-02 02:48:14','2020-07-02 02:48:14'),(76,38,8,'2020-07-02 02:48:14','2020-07-02 02:48:14'),(77,39,7,'2020-07-02 02:48:15','2020-07-02 02:48:15'),(78,39,8,'2020-07-02 02:48:15','2020-07-02 02:48:15'),(79,40,7,'2020-07-02 02:48:17','2020-07-02 02:48:17'),(80,40,8,'2020-07-02 02:48:17','2020-07-02 02:48:17'),(81,41,7,'2020-07-02 02:48:17','2020-07-02 02:48:17'),(82,41,8,'2020-07-02 02:48:17','2020-07-02 02:48:17'),(83,42,7,'2020-07-02 02:48:19','2020-07-02 02:48:19'),(84,42,8,'2020-07-02 02:48:19','2020-07-02 02:48:19'),(85,43,7,'2020-07-02 02:48:20','2020-07-02 02:48:20'),(86,43,8,'2020-07-02 02:48:21','2020-07-02 02:48:21'),(87,44,7,'2020-07-02 02:48:22','2020-07-02 02:48:22'),(88,44,8,'2020-07-02 02:48:22','2020-07-02 02:48:22'),(89,45,7,'2020-07-02 02:48:24','2020-07-02 02:48:24'),(90,45,8,'2020-07-02 02:48:24','2020-07-02 02:48:24'),(91,46,7,'2020-07-02 02:48:25','2020-07-02 02:48:25'),(92,46,8,'2020-07-02 02:48:25','2020-07-02 02:48:25'),(93,47,7,'2020-07-02 02:48:27','2020-07-02 02:48:27'),(94,47,8,'2020-07-02 02:48:27','2020-07-02 02:48:27'),(95,48,7,'2020-07-02 02:48:28','2020-07-02 02:48:28'),(96,48,8,'2020-07-02 02:48:28','2020-07-02 02:48:28'),(97,49,7,'2020-07-02 02:48:30','2020-07-02 02:48:30'),(98,49,8,'2020-07-02 02:48:30','2020-07-02 02:48:30'),(99,50,7,'2020-07-02 02:48:30','2020-07-02 02:48:30'),(100,50,8,'2020-07-02 02:48:30','2020-07-02 02:48:30'),(101,51,7,'2020-07-02 02:48:32','2020-07-02 02:48:32'),(102,51,8,'2020-07-02 02:48:32','2020-07-02 02:48:32'),(103,52,7,'2020-07-02 02:48:33','2020-07-02 02:48:33'),(104,52,8,'2020-07-02 02:48:33','2020-07-02 02:48:33'),(105,53,7,'2020-07-02 02:48:35','2020-07-02 02:48:35'),(106,53,8,'2020-07-02 02:48:35','2020-07-02 02:48:35'),(107,54,7,'2020-07-02 02:48:35','2020-07-02 02:48:35'),(108,54,8,'2020-07-02 02:48:35','2020-07-02 02:48:35'),(109,55,7,'2020-07-02 02:48:36','2020-07-02 02:48:36'),(110,55,8,'2020-07-02 02:48:36','2020-07-02 02:48:36'),(111,56,7,'2020-07-02 02:48:36','2020-07-02 02:48:36'),(112,56,8,'2020-07-02 02:48:36','2020-07-02 02:48:36'),(113,57,7,'2020-07-02 02:48:37','2020-07-02 02:48:37'),(114,57,8,'2020-07-02 02:48:37','2020-07-02 02:48:37'),(115,58,7,'2020-07-02 02:48:37','2020-07-02 02:48:37'),(116,58,8,'2020-07-02 02:48:37','2020-07-02 02:48:37');
/*!40000 ALTER TABLE `student_records` ENABLE KEYS */;
UNLOCK TABLES;

--
-- Table structure for table `students`
--

DROP TABLE IF EXISTS `students`;
/*!40101 SET @saved_cs_client     = @@character_set_client */;
/*!40101 SET character_set_client = utf8 */;
CREATE TABLE `students` (
  `id` int(10) unsigned NOT NULL AUTO_INCREMENT,
  `stud_num` varchar(191) COLLATE utf8mb4_unicode_ci NOT NULL,
  `photo` varchar(191) COLLATE utf8mb4_unicode_ci DEFAULT NULL,
  `password` varchar(191) COLLATE utf8mb4_unicode_ci NOT NULL,
  `stud_fname` varchar(191) COLLATE utf8mb4_unicode_ci NOT NULL,
  `stud_lname` varchar(191) COLLATE utf8mb4_unicode_ci NOT NULL,
  `stud_address` varchar(191) COLLATE utf8mb4_unicode_ci NOT NULL,
  `stud_contact_num` varchar(191) COLLATE utf8mb4_unicode_ci DEFAULT NULL,
  `course_id` int(11) NOT NULL,
  `year` varchar(191) COLLATE utf8mb4_unicode_ci NOT NULL,
  `created_at` timestamp NULL DEFAULT NULL,
  `updated_at` timestamp NULL DEFAULT NULL,
  PRIMARY KEY (`id`),
  UNIQUE KEY `students_stud_num_unique` (`stud_num`)
) ENGINE=InnoDB AUTO_INCREMENT=59 DEFAULT CHARSET=utf8mb4 COLLATE=utf8mb4_unicode_ci;
/*!40101 SET character_set_client = @saved_cs_client */;

--
-- Dumping data for table `students`
--

LOCK TABLES `students` WRITE;
/*!40000 ALTER TABLE `students` DISABLE KEYS */;
INSERT INTO `students` VALUES (1,'201700310',NULL,'351325','April Joy A.','Abueva',' Not set ',' Not set ',1,'III','2020-06-02 05:32:32','2020-06-02 05:32:32'),(2,'201700041',NULL,'033474','Ferlisa Q.','Andaya','Not set','09056644897',1,'III','2020-06-02 05:32:33','2020-06-02 05:32:33'),(3,'201502451',NULL,'506725','Faustino G.','Anoche',' Not set ',' Not set ',1,'III','2020-06-02 05:32:33','2020-06-02 05:32:33'),(4,'201700263',NULL,'208005','Clyde C.','Arellano',' Not set ',' Not set ',1,'III','2020-06-02 05:32:33','2020-06-02 05:32:33'),(5,'201600535',NULL,'642272','Kristian Bert M.','Bahande',' Not set ',' Not set ',1,'III','2020-06-02 05:32:34','2020-06-02 05:32:34'),(6,'201600479',NULL,'batulayallyn','Allyn D.','Batulay','Not set','0906775432',1,'III','2020-06-02 05:32:34','2020-06-02 05:32:34'),(7,'201300048',NULL,'938202','Japhet I.','Batulay',' Not set ',' Not set ',1,'III','2020-06-02 05:32:35','2020-06-02 05:32:35'),(8,'201700432',NULL,'200570','Marry Jean C.','Binondo',' Not set ',' Not set ',1,'III','2020-06-02 05:32:35','2020-06-02 05:32:35'),(9,'201700259',NULL,'015441','Girly C.','Canoy',' Not set ',' Not set ',1,'III','2020-06-02 05:32:36','2020-06-02 05:32:36'),(10,'201700303',NULL,'413845','Hanziel  I.','Flores','Not set',NULL,1,'III','2020-06-02 05:32:36','2020-06-02 05:32:36'),(11,'201600249',NULL,'374512','Judy Ann P.','Fuentespina',' Not set ',' Not set ',1,'III','2020-06-02 05:32:36','2020-06-02 05:32:36'),(12,'201501838',NULL,'871319','Judelyn T.','Garsula',' Not set ',' Not set ',1,'III','2020-06-02 05:32:37','2020-06-02 05:32:37'),(13,'201600482',NULL,'858843','Jezza C.','Guardario',' Not set ',' Not set ',1,'III','2020-06-02 05:32:37','2020-06-02 05:32:37'),(14,'201700217',NULL,'598685','Sheryl E.','Logronio',' Not set ',' Not set ',1,'III','2020-06-02 05:32:38','2020-06-02 05:32:38'),(15,'201700253',NULL,'180410','Marie B.','Manacio',' Not set ',' Not set ',1,'III','2020-06-02 05:32:39','2020-06-02 05:32:39'),(16,'201700229',NULL,'327943','Gerlyn N.','Moncal',' Not set ',' Not set ',1,'III','2020-06-02 05:32:39','2020-06-02 05:32:39'),(17,'201700081',NULL,'756821','Ulyben L.','Moncal',' Not set ',' Not set ',1,'III','2020-06-02 05:32:39','2020-06-02 05:32:39'),(18,'201700361',NULL,'361714','Keneth N.','Otaez',' Not set ',' Not set ',1,'III','2020-06-02 05:32:40','2020-06-02 05:32:40'),(19,'201600478',NULL,'801771','Lea V.','Ricaldo',' Not set ',' Not set ',1,'III','2020-06-02 05:32:41','2020-06-02 05:32:41'),(20,'201700050',NULL,'879442','Lorie Joy B.','Rote',' Not set ',' Not set ',1,'III','2020-06-02 05:32:41','2020-06-02 05:32:41'),(21,'201700260',NULL,'168045','Anna Liza  V.','Santa Ana',' Not set ',' Not set ',1,'III','2020-06-02 05:32:42','2020-06-02 05:32:42'),(22,'201700238',NULL,'653923','Nannette C.','Sinag',' Not set ',' Not set ',1,'III','2020-06-02 05:32:42','2020-06-02 05:32:42'),(23,'201700156',NULL,'700518','Gretchen M.','Taedo',' Not set ',' Not set ',1,'III','2020-06-02 05:32:42','2020-06-02 05:32:42'),(24,'201801061',NULL,'052346','Jeanly P.','Adela',' Not set ',' Not set ',1,'II','2020-07-02 02:47:55','2020-07-02 02:47:55'),(25,'201800963',NULL,'529276','Andrew Lloyd  G.','Adelantar',' Not set ',' Not set ',1,'II','2020-07-02 02:47:57','2020-07-02 02:47:57'),(26,'201801007',NULL,'624852','Angelo S.','Amerila',' Not set ',' Not set ',1,'II','2020-07-02 02:47:58','2020-07-02 02:47:58'),(27,'201800724',NULL,'651193','Leny  E.','Andres',' Not set ',' Not set ',1,'II','2020-07-02 02:48:00','2020-07-02 02:48:00'),(28,'201801049',NULL,'526414','Ellen Joy M.','Bacabac',' Not set ',' Not set ',1,'II','2020-07-02 02:48:00','2020-07-02 02:48:00'),(29,'201800769',NULL,'581568','Roche S.','Bautista',' Not set ',' Not set ',1,'II','2020-07-02 02:48:02','2020-07-02 02:48:02'),(30,'201800986',NULL,'285807','Jesha Marie T.','Cadiao',' Not set ',' Not set ',1,'II','2020-07-02 02:48:02','2020-07-02 02:48:02'),(31,'201800886',NULL,'911390','Meralyn G.','Cayang',' Not set ',' Not set ',1,'II','2020-07-02 02:48:02','2020-07-02 02:48:02'),(32,'201800993',NULL,'028361','Yvonie P.','Dela China',' Not set ',' Not set ',1,'II','2020-07-02 02:48:03','2020-07-02 02:48:03'),(33,'201700286',NULL,'370607','Jerald P.','Dequia','Not set','09056194798',1,'II','2020-07-02 02:48:04','2020-07-02 02:48:04'),(34,'201800999',NULL,'926634','Jaspher  Y.','Duran',' Not set ',' Not set ',1,'II','2020-07-02 02:48:06','2020-07-02 02:48:06'),(35,'201801012',NULL,'551801','Dawn Diego M.','Gaga-a',' Not set ',' Not set ',1,'II','2020-07-02 02:48:08','2020-07-02 02:48:08'),(36,'201801034',NULL,'474268','Krizel Jean A.','Gaga-a',' Not set ',' Not set ',1,'II','2020-07-02 02:48:09','2020-07-02 02:48:09'),(37,'201800959',NULL,'350071','Glenn D.','Gallarde',' Not set ',' Not set ',1,'II','2020-07-02 02:48:11','2020-07-02 02:48:11'),(38,'201800950',NULL,'991121','Junly M.','Gallardo',' Not set ',' Not set ',1,'II','2020-07-02 02:48:12','2020-07-02 02:48:12'),(39,'201800777',NULL,'387758','Stephanie A.','Garaygay',' Not set ',' Not set ',1,'II','2020-07-02 02:48:14','2020-07-02 02:48:14'),(40,'201500208',NULL,'765934','Kenny Jane M.','Lacostales',' Not set ',' Not set ',1,'II','2020-07-02 02:48:15','2020-07-02 02:48:15'),(41,'201800976',NULL,'949237','Shara Mae N.','Llandres',' Not set ',' Not set ',1,'II','2020-07-02 02:48:17','2020-07-02 02:48:17'),(42,'201801023',NULL,'591253','Arialyn T.','Magdayao',' Not set ',' Not set ',1,'II','2020-07-02 02:48:17','2020-07-02 02:48:17'),(43,'201501652',NULL,'275575','James Y.','Malibiran',' Not set ',' Not set ',1,'II','2020-07-02 02:48:19','2020-07-02 02:48:19'),(44,'201800583',NULL,'166117','Sarah Mae C.','Noay',' Not set ',' Not set ',1,'II','2020-07-02 02:48:21','2020-07-02 02:48:21'),(45,'201800819',NULL,'757643','Reca D.','Ocasla',' Not set ',' Not set ',1,'II','2020-07-02 02:48:22','2020-07-02 02:48:22'),(46,'201800851',NULL,'227075','Eimae A.','Omaa',' Not set ',' Not set ',1,'II','2020-07-02 02:48:24','2020-07-02 02:48:24'),(47,'201800809',NULL,'977076','Jean Rose G.','Pedrosa',' Not set ',' Not set ',1,'II','2020-07-02 02:48:25','2020-07-02 02:48:25'),(48,'201801010',NULL,'937693','Stephanie Gayle C.','Pedrosa',' Not set ',' Not set ',1,'II','2020-07-02 02:48:27','2020-07-02 02:48:27'),(49,'201800623',NULL,'411425','Eleandre A.','Sales',' Not set ',' Not set ',1,'II','2020-07-02 02:48:28','2020-07-02 02:48:28'),(50,'201801019',NULL,'361936','Donell C.','Saraa',' Not set ',' Not set ',1,'II','2020-07-02 02:48:30','2020-07-02 02:48:30'),(51,'201801057',NULL,'882627','Christian Ray B.','Sayon',' Not set ',' Not set ',1,'II','2020-07-02 02:48:30','2020-07-02 02:48:30'),(52,'201801052',NULL,'893407','Faith Joy P.','Sayson',' Not set ',' Not set ',1,'II','2020-07-02 02:48:32','2020-07-02 02:48:32'),(53,'201801131',NULL,'023559','Kathline T.','Superales',' Not set ',' Not set ',1,'II','2020-07-02 02:48:33','2020-07-02 02:48:33'),(54,'201801021',NULL,'192069','Louwin  .','Timbangan',' Not set ',' Not set ',1,'II','2020-07-02 02:48:35','2020-07-02 02:48:35'),(55,'201800661',NULL,'136001','Justin Kent  S.','Tio',' Not set ',' Not set ',1,'II','2020-07-02 02:48:36','2020-07-02 02:48:36'),(56,'201700380',NULL,'273909','Janly B.','Tuburan',' Not set ',' Not set ',1,'II','2020-07-02 02:48:36','2020-07-02 02:48:36'),(57,'201800543',NULL,'029081','Claudia May Isabel S.','Uy',' Not set ',' Not set ',1,'II','2020-07-02 02:48:36','2020-07-02 02:48:36'),(58,'201801029',NULL,'405118','Monica Jane .','Villarojo',' Not set ',' Not set ',1,'II','2020-07-02 02:48:37','2020-07-02 02:48:37');
/*!40000 ALTER TABLE `students` ENABLE KEYS */;
UNLOCK TABLES;

--
-- Table structure for table `teachers`
--

DROP TABLE IF EXISTS `teachers`;
/*!40101 SET @saved_cs_client     = @@character_set_client */;
/*!40101 SET character_set_client = utf8 */;
CREATE TABLE `teachers` (
  `id` int(11) NOT NULL
) ENGINE=InnoDB DEFAULT CHARSET=utf8mb4 COLLATE=utf8mb4_unicode_ci;
/*!40101 SET character_set_client = @saved_cs_client */;

--
-- Dumping data for table `teachers`
--

LOCK TABLES `teachers` WRITE;
/*!40000 ALTER TABLE `teachers` DISABLE KEYS */;
INSERT INTO `teachers` VALUES (2),(3),(4),(28),(29),(30),(31),(32),(33),(69),(70),(71),(72),(73);
/*!40000 ALTER TABLE `teachers` ENABLE KEYS */;
UNLOCK TABLES;

--
-- Table structure for table `users`
--

DROP TABLE IF EXISTS `users`;
/*!40101 SET @saved_cs_client     = @@character_set_client */;
/*!40101 SET character_set_client = utf8 */;
CREATE TABLE `users` (
  `id` int(10) unsigned NOT NULL AUTO_INCREMENT,
  `id_number` varchar(191) COLLATE utf8mb4_unicode_ci NOT NULL,
  `photo` varchar(191) COLLATE utf8mb4_unicode_ci DEFAULT NULL,
  `name` varchar(191) COLLATE utf8mb4_unicode_ci NOT NULL,
  `first_name` varchar(191) COLLATE utf8mb4_unicode_ci NOT NULL,
  `last_name` varchar(191) COLLATE utf8mb4_unicode_ci NOT NULL,
  `username` varchar(191) COLLATE utf8mb4_unicode_ci NOT NULL,
  `password` varchar(191) COLLATE utf8mb4_unicode_ci NOT NULL,
  `role` varchar(191) COLLATE utf8mb4_unicode_ci NOT NULL,
  `status` tinyint(1) NOT NULL DEFAULT '0',
  `degree` varchar(191) COLLATE utf8mb4_unicode_ci DEFAULT NULL,
  `account_id` int(11) DEFAULT NULL,
  `remember_token` varchar(100) COLLATE utf8mb4_unicode_ci DEFAULT NULL,
  `created_at` timestamp NULL DEFAULT NULL,
  `updated_at` timestamp NULL DEFAULT NULL,
  `cp_number` varchar(191) COLLATE utf8mb4_unicode_ci NOT NULL DEFAULT '1',
  `is_registered` enum('Not registered','Done manual registration and present in the masterlist','Done manual registration but not found in the masterlist') COLLATE utf8mb4_unicode_ci NOT NULL DEFAULT 'Not registered',
  `test` tinyint(1) NOT NULL DEFAULT '0',
  PRIMARY KEY (`id`),
  UNIQUE KEY `users_username_unique` (`username`),
  UNIQUE KEY `users_id_number_unique` (`id_number`)
) ENGINE=InnoDB AUTO_INCREMENT=74 DEFAULT CHARSET=utf8mb4 COLLATE=utf8mb4_unicode_ci;
/*!40101 SET character_set_client = @saved_cs_client */;

--
-- Dumping data for table `users`
--

LOCK TABLES `users` WRITE;
/*!40000 ALTER TABLE `users` DISABLE KEYS */;
INSERT INTO `users` VALUES (1,'',NULL,'Admin','','','admin1','$2y$10$diUOc2nFy3xMUlNQYrtfweJTjkQWu1k9G6GhPzChafeSZ0sTnoYKe','Admin',1,NULL,NULL,'8ZufIx4a5SgZPs3qPJkKxHen42TZsY68wRFYf3qu8c1Az2J8SNwIuMVgOcmz',NULL,NULL,'1','Not registered',0),(2,'122081','/uploads/images/2ff95455509fe6c1ee8c7cb5c84200f5.jpg','Sumadia, Jessums','Jessums','Sumadia','jessums1','$2y$10$iaJ9ekCnfjpEQLHxEokppONKI1q4hvUCJBnHT4GvGlIfZwWuExWjW','Teacher',1,'BSCS',2,'LPJ5cxjR7Y8It8t6ZxpUaxKFknRaDgt4HNqsdMxwlmoWzvRHIdE43bp5sWNf','2020-06-02 05:21:30','2020-06-24 05:47:08','09056194798','Done manual registration and present in the masterlist',0),(3,'123456',NULL,'Sumadia, Rochie','Rochie','Sumadia','sample','$2y$10$tV4O1YstSLWx3kCtebFMUuFy8YvvtGrtdbca4lCe.TSfQTZ904QsC','Teacher',1,'BSED',3,NULL,'2020-06-02 05:25:43','2020-06-24 05:35:12','1','Done manual registration and present in the masterlist',0),(4,'12007',NULL,'Teacher1, Csit','','','12007','$2y$10$wDgaqNTI6ENmi8RU4fc3ROamA.N1t0MHhncdJReDL.Oy/Aa/7ltA.','Teacher',0,'',4,NULL,'2020-06-02 05:25:44','2020-06-02 05:25:44','1','Not registered',0),(5,'20200602-523511',NULL,'April Joy A. Abueva','','','201700310','$2y$10$4SqDbXemdCjkcK90r2m8geil2inuxbbwQf8T4iJWt8psw7owx75Ne','Student',0,NULL,1,NULL,'2020-06-02 05:32:32','2020-06-02 05:32:32','1','Not registered',0),(6,'20200602-1567213','/uploads/images/f392377214d695926cf080643f2b7bdb.jpg','Ferlisa Q. Andaya','','','201700041','$2y$10$jw6OFU62LNkBrwuFEm17d.jwz/pD.qZoxhGICzsdBXgsdype5ucXu','Student',0,NULL,2,NULL,'2020-06-02 05:32:33','2020-06-02 06:48:38','1','Not registered',0),(7,'20200602-1169569',NULL,'Faustino G. Anoche','','','201502451','$2y$10$VLXX2wPCqGfCSD50XYknNu97.Cxtdlu9PLXeH.Q33gEoAAV.jrh2C','Student',0,NULL,3,'ywJ03D3RPqun7XRl2IHAvur3X6BT4X7tDrYQmDKikz9gpNJgv3o2X10YhiRR','2020-06-02 05:32:33','2020-06-02 05:32:33','1','Not registered',0),(8,'20200602-2693084',NULL,'Clyde C. Arellano','','','201700263','$2y$10$Yt.Cc7W35PkNXuWjZ.9AAOSyzgOSbX6r8.MbviYtfwQqdeyYmKtK6','Student',0,NULL,4,'z1wF3fNTR6qvkV4Z23hFn0SIAbbe4tZMB3hJDE5LH4UdV00acsFLsdIWovLM','2020-06-02 05:32:34','2020-06-02 05:32:34','1','Not registered',0),(9,'20200602-2325188',NULL,'Kristian Bert M. Bahande','','','201600535','$2y$10$ksLR1cbZiPeOPLJ/eOpxJ.K07C6uH/RYnJZlEDTcBj4N432MLfifa','Student',0,NULL,5,NULL,'2020-06-02 05:32:34','2020-06-02 05:32:34','1','Not registered',0),(10,'20200602-7756247',NULL,'Allyn D. Batulay','','','201600479','$2y$10$E4OIg.mzCA4/ebrbugvblODMRE8GjKUQEBKl.vrMtdxTctzRUjQF.','Student',0,NULL,6,'rY61QNNoY8BAdTzfbYn0k1jnJbQBIllNG8k4WQMGjVuLIbPHPMxBVe4OZiZn','2020-06-02 05:32:35','2020-06-09 14:38:34','1','Not registered',0),(11,'20200602-2691947',NULL,'Japhet I. Batulay','','','201300048','$2y$10$MRTep4DKtwBLwnPDoFk9Y.0k.wtvEKuM7JHwoqUQZILI1HNwc7Zyq','Student',0,NULL,7,'eHTRbiQhmnMOMRh2Z3ZKZFyD4a8zixN2KlI3pbq42YHhmjlJbhnYON51BfTW','2020-06-02 05:32:35','2020-06-02 05:32:35','1','Not registered',0),(12,'20200602-793714',NULL,'Marry Jean C. Binondo','','','201700432','$2y$10$x7ffuMvA2cZRKMc3kE4ZheOc5CUfmp6kuUJT1.Ph08s..9dDb14R6','Student',0,NULL,8,'aBp6JgwOwOGPeplHjOPGZBu5gg0MMxxYzpEM3rKO7hcKI27ggQor5T28lnvD','2020-06-02 05:32:36','2020-06-02 05:32:36','1','Not registered',0),(13,'20200602-6962357',NULL,'Girly C. Canoy','','','201700259','$2y$10$0F1aORVMeJsPenwW6Tgxn.2vIfR7gXVREqsn6caMCpX8.Q.gzDpNa','Student',0,NULL,9,'JNOCSQiWPPLuiptnVewNoQ3eBggjBz6d6WwsV01Fsc8vvFVDM05DxyX6PiGf','2020-06-02 05:32:36','2020-06-02 05:32:36','1','Not registered',0),(14,'20200602-7887814','/uploads/images/ee23d2211b9d7f62ce6d8b40d96de8af.png','Hanziel  I. Flores','','','201700303','$2y$10$YKobPJow6gC4QiL1txVqxOp73IWJd4Zv5VRi2wLJwljMNvsAc3Vam','Student',0,NULL,10,'8EHANyVifrlLuonD69vteEBGK370eIupR0jWaoRyly2yqusnHD0rMoMhnixp','2020-06-02 05:32:36','2020-06-03 01:30:55','1','Not registered',0),(15,'20200602-5037258',NULL,'Judy Ann P. Fuentespina','','','201600249','$2y$10$mQLKKfljbiZQJSyS5a/LeO3jq5vqqsbQuekuNxBcGZPyIgJC2IGX2','Student',0,NULL,11,'b7zDmrtnzCJ1IwMlZNxmRgzMLMMjp8SwWbkKtTp47WQtzVgwWvQGA3mhNrHN','2020-06-02 05:32:37','2020-06-02 05:32:37','1','Not registered',0),(16,'20200602-823651',NULL,'Judelyn T. Garsula','','','201501838','$2y$10$DwobjDdAtTt0FCGu.p7vbeRz42aFE8vpVyy.TiE6UKyL8J5eK0sG6','Student',0,NULL,12,'liHsYtYxeFEPstAFIDYMuwVXLuUpihRnWUlN1PMavJsbcfIx1cCo5Ij4ze1z','2020-06-02 05:32:37','2020-06-02 05:32:37','1','Not registered',0),(17,'20200602-5887843',NULL,'Jezza C. Guardario','','','201600482','$2y$10$nzZvjpf6EEuRzwyn9A2LKe.iGb0LHAXQl9X192TjKrPwDTaWrG3ku','Student',0,NULL,13,'g9mceGSj9xdmQwv9oMmBe86VNR5tnkX8NXTpKbyiXH1X3McIRz2SvodTx9Ow','2020-06-02 05:32:38','2020-06-02 05:32:38','1','Not registered',0),(18,'20200602-7261917',NULL,'Sheryl E. Logronio','','','201700217','$2y$10$7A8EFZ.Nuaz8e3SNvGegiegYUEnm06FXbmtNI7C3EXtj8QUTZtwFm','Student',0,NULL,14,'n5SbVi7krSRrAhqYkQ4iNZ7qd27u3lHuxqL1lcXl9ImG1557dno3lySSWFgP','2020-06-02 05:32:38','2020-06-02 05:32:38','1','Not registered',0),(19,'20200602-8896026',NULL,'Marie B. Manacio','','','201700253','$2y$10$rpa4qZO2N2Wr4Q8ENluYnep.OaoPGd1ZTTaoHBPXmB2Ct7gUMy/5q','Student',0,NULL,15,'hrKvgf9bf0hzZavx5XVbXms8Wtt86XkqOcGSMqWQjZUSOvOnXSCfM5ZGDGR4','2020-06-02 05:32:39','2020-06-02 05:32:39','1','Not registered',0),(20,'20200602-2761678',NULL,'Gerlyn N. Moncal','','','201700229','$2y$10$tNUaclxSKG.0E8TzbKrZjuVOqmtWBCVWo4riFLmHbZ42gGPpHuVYO','Student',0,NULL,16,'QupQ0DhEmthxmMJDB4h46XGLdusvf1y9EN9t9uzklUWxe1M7vgyU1E6GlapF','2020-06-02 05:32:39','2020-06-02 05:32:39','1','Not registered',0),(21,'20200602-474777',NULL,'Ulyben L. Moncal','','','201700081','$2y$10$3gGdQUXAmSXALEuG9J3TJ.IsCNwH09lStFE/L7CovZhHs6eFwpYh6','Student',0,NULL,17,'j23C7AxxOHKfZYEmuFhNeug02m8vrTj5z1zYE4atCrRkESrWHTizYcMpEyCm','2020-06-02 05:32:40','2020-06-02 05:32:40','1','Not registered',0),(22,'20200602-5339154',NULL,'Keneth N. Otaez','','','201700361','$2y$10$tDQ2cP55OGTLzOxBJEVi.OmpmsO54d.w1LC1Cq2L/Sl.qAsce5ahi','Student',0,NULL,18,'hGDjyW3QZLl5Xj9iYJldWE6uIfCgp4BCXOINDT2d7rGOPyUJrP7xPm4IcpMW','2020-06-02 05:32:40','2020-06-02 05:32:40','1','Not registered',0),(23,'20200602-3165950',NULL,'Lea V. Ricaldo','','','201600478','$2y$10$H7.2vLkLEpPVyFscTAqkGe54UZ3Cguk0XlVGLhX.kmAkw5nZtlhYm','Student',0,NULL,19,'1kLsOjoatwWFYpvX6g9xnl8fblKVMVtwEQ5ydbbPbBPOyEoN3FMb2Tixhhjp','2020-06-02 05:32:41','2020-06-02 05:32:41','1','Not registered',0),(24,'20200602-9666260',NULL,'Lorie Joy B. Rote','','','201700050','$2y$10$6pyJB7mRJjkQtEY5pB7/QOjFmHSCOjWfqFuWrVP8bRUQ4oY6FJRtW','Student',0,NULL,20,'EloQJjCBn9t17PFQKSOPF2JPGmsOgi6V0A1YGyxEE8T4TrV4vukm1Ce8Qbjl','2020-06-02 05:32:41','2020-06-02 05:32:41','1','Not registered',0),(25,'20200602-8626754',NULL,'Anna Liza  V. Santa Ana','','','201700260','$2y$10$RqSWDM34gYvAMs2kJFiRNu0p0dPBzAi0.XWMG7PNO1UBCjOcKSaci','Student',0,NULL,21,'i4qNntkLpY4GsLkcSupuOkHKreSvw8YRW4Era5h7ZYqmDbiTp8YR8i4eiFky','2020-06-02 05:32:42','2020-06-02 05:32:42','1','Not registered',0),(26,'20200602-8505763',NULL,'Nannette C. Sinag','','','201700238','$2y$10$xRHeKbMfURWwCRlx4/QjT.oNwKHAQw5ayH26rUtlOKHy61XPwWH.S','Student',0,NULL,22,'CBYWlxyqPdjSD0NEEn395qelPMmA7qpWqipXsS9MvOKDYCcG2dLbyaa7hxsk','2020-06-02 05:32:42','2020-06-02 05:32:42','1','Not registered',0),(27,'20200602-8255089',NULL,'Gretchen M. Taedo','','','201700156','$2y$10$8CLdaGOF0Z6fhLocBXuteOS7nrcum6CNZX5Ve9p.yy2UkR8ZzcePS','Student',0,NULL,23,'eBAMRG8XyB3QzTwV28DHrJNcTfvXtNP8U87IODtbMitsQe78yQaAa0tCsP7b','2020-06-02 05:32:42','2020-06-02 05:32:42','1','Not registered',0),(28,'122007','/uploads/images/43912f82d0afa52c969d18e3a0ed773e.PNG','Csit, Teacher1','Teacher1','Csit','TeacherSnew','$2y$10$utrBtV.yqQfk4tJvqCn2O.wR2gquI3uic/fMWAz3wRZGW78lEpB2i','Teacher',1,'BSED',28,'ywLUNBYRLRGQXtxsmUfaj8Gq8iokUAFY8U8tj5cwEEKghcH9NSTGL3bRzell','2020-06-04 00:55:14','2020-07-04 14:05:43','09056194798','Done manual registration and present in the masterlist',0),(29,'323546554',NULL,'New Instructor, Allan','Allan','New Instructor','Allan Gamz','$2y$10$kyv4SbYf5/7VUGKUlnKWPeURQXhk.QtrJtfNHrC/xlobi9fI6Z93i','Teacher',1,'BSED',29,'aOOcQQmoQFgC5agUU8xLMEiIqejozl6QsP0qFFqfp0hiXDGwJw87zYiugTBu','2020-06-24 05:43:16','2020-06-24 08:09:43','1','Done manual registration and present in the masterlist',0),(30,'112345',NULL,'Sample Teacher2, Jess','','','112345','$2y$10$1BnIMksbv8eZymDUjo9/Pu0C2y3pSbxsjaiKECZQQUvdbweWxs8ki','Teacher',0,'',30,NULL,'2020-06-24 06:29:14','2020-06-24 06:29:14','1','Not registered',0),(31,'9876543',NULL,'Doe, Jhon','Jhon','Doe','Jhondoer','$2y$10$Wc7HB/Cs7bFpwe/LhWPmzOc2ziQkpvECsBWdiVu9ktNkbBQP5qYv6','Teacher',1,'BSCS',31,NULL,'2020-06-24 06:31:44','2020-06-24 08:01:29','1','Done manual registration and present in the masterlist',0),(32,'0987654',NULL,'Sumadia, Jessean','Jessean','Sumadia','Ia Jessean','$2y$10$eVx2sgtJeiqQw40.Juze.u8BPu5WB0ed8zohHV5zvXgEjRy3fL0mi','Teacher',0,'BSBA',32,'Q27SAeOvfWZQ3NXYE5bQISX8XQJZzj2Lcp70pjKAjH2RbhNMYoMI96sY8WmI','2020-06-24 08:28:58','2020-06-24 08:28:58','1','Done manual registration but not found in the masterlist',0),(33,'123890',NULL,'Aidamus, Jess','Jess','Aidamus','jessaidamus','$2y$10$1B1W/AFZgGPW20BxAg8uhOfuyzblIN4IXsQOyveF9aQ2khdIkVRcK','Teacher',1,'BSCS',33,'mV2OCmMNWE2qVzkxqyXYn0SaCVseijkyI6k0M2nX9JxUd2ifyBnF0bgx6f2O','2020-06-30 01:43:31','2020-06-30 01:46:12','1','Done manual registration and present in the masterlist',0),(34,'20200702-6551991',NULL,'Jeanly P. Adela','','','201801061','$2y$10$f9R.VhYHXN1sKSl0a.ujPOEPlIiUWLfmMpVzeZ6xVGa3KzBI.vgrq','Student',0,NULL,24,'WsJk9JTHJEwUu8mbVsOTJO3fYRQc74JvW8e1yNTPsTRQHNrwQ7qd4JqvoGpf','2020-07-02 02:47:55','2020-07-02 02:47:55','1','Not registered',0),(35,'20200702-3661003',NULL,'Andrew Lloyd  G. Adelantar','','','201800963','$2y$10$X6xIfWEfXXFHBFnmkFdo8eEJN4Brql0ph2myc91G996Wy2ID2WeuS','Student',0,NULL,25,'IOP5nnbkvRpRqe3JEGne3u01KyUHG5lyp9gedW8hclv0LDsQqZFgD1Zx24R5','2020-07-02 02:47:57','2020-07-02 02:47:57','1','Not registered',0),(36,'20200702-3637873',NULL,'Angelo S. Amerila','','','201801007','$2y$10$b6MpIi85KPpg/nvwIuEsxec..ETCUN7fNsE.dpJ6TQCur8wn/6nV6','Student',0,NULL,26,'CiBnmJTlzslMSxk4ezBt5BPZPCKHowhR5k2JY873X5R82TqkncEyAC1X9tA5','2020-07-02 02:47:58','2020-07-02 02:47:58','1','Not registered',0),(37,'20200702-3729670',NULL,'Leny  E. Andres','','','201800724','$2y$10$TH.Rnk4hw8sG1TrbeKqyNev4/ddDksROMeoQ4etvrVB9CaAyKRZpC','Student',0,NULL,27,'YklH4S3YdTbiLdYQPJ6kh2g47FNYW4d6b2htItGPSaAfQVPu77xmZZQ7hgIC','2020-07-02 02:48:00','2020-07-02 02:48:00','1','Not registered',0),(38,'20200702-5399429',NULL,'Ellen Joy M. Bacabac','','','201801049','$2y$10$emv.rCZ.I3Ja5r1Z/7EEaOCe9Lwk6rBpf.p/Ooo3y/Z1CVDPbB7/S','Student',0,NULL,28,'jwcPFml8s5FNnNJqcmKMZvixjZCDvNgoKPBjBClNoFNtXgVvt6fuaThxuSRf','2020-07-02 02:48:00','2020-07-02 02:48:00','1','Not registered',0),(39,'20200702-820457',NULL,'Roche S. Bautista','','','201800769','$2y$10$St46gU9dNvacoK40yAM3p.5kB7df7lxsIZviQVnp.HoGzwF7OyLby','Student',0,NULL,29,'B7XlrMMH4euj6BvwJrjEmiTdWPb2pwVy99WYoVsUs56hQcdEPmR5lXn9XdTx','2020-07-02 02:48:02','2020-07-02 02:48:02','1','Not registered',0),(40,'20200702-7736109',NULL,'Jesha Marie T. Cadiao','','','201800986','$2y$10$zC4a0eudGeuVJ3PNK7wt9OrANPAqJH6kC/ExlQD1.jn.9psH5I3M2','Student',0,NULL,30,'85kIv8CAySuqBYqneXNJ5PXdPFaUiOP6DUxJFLPmABliUZ3ibWnRfcbHyJFu','2020-07-02 02:48:02','2020-07-02 02:48:02','1','Not registered',0),(41,'20200702-5205688',NULL,'Meralyn G. Cayang','','','201800886','$2y$10$bMoZLlr4vPAYYGfIYEL27.D3VDTelfAsLzkR/DXC/qudMBpjryg06','Student',0,NULL,31,NULL,'2020-07-02 02:48:03','2020-07-02 02:48:03','1','Not registered',0),(42,'20200702-2250795',NULL,'Yvonie P. Dela China','','','201800993','$2y$10$5Y6nNLZdI4RLo7RDgLF1bOt3F70OZDlOTu2bCp39hlN7i/MyZJ1YG','Student',0,NULL,32,'ydoA9aF1GlKGYEMTmq5aqE60tPL6wgDSkyJuaG8kOq4bFJav2ANknth1Lce7','2020-07-02 02:48:03','2020-07-02 02:48:03','1','Not registered',0),(43,'20200702-2694068','/uploads/images/7e05c69d3a537c5427d874fa245dc724.jpg','Jerald P. Dequia','','','201700286','$2y$10$TZhNPAxcr3EPdzzeGxSoz.E5m7Vm9k7CQDJVQ88n8sPAEybMtCdBG','Student',0,NULL,33,'Z6AQG5de15ZE4qUkeLcNDnOKjWDyUyChpRQ224gyqwZ62c0I3dCGW8XtH0D8','2020-07-02 02:48:05','2020-07-02 13:58:47','1','Not registered',0),(44,'20200702-5368967',NULL,'Jaspher  Y. Duran','','','201800999','$2y$10$nhFNUMf39JP41sScs7kYV.51qsnLIou1qT/nkgsxTI34Ow26z61tu','Student',0,NULL,34,'EEzxIMUCOv5JUEKyue9vh9lmNahZaHFAg1Nd7T8TMBHYv9unBUgj7taoqWxc','2020-07-02 02:48:06','2020-07-02 02:48:06','1','Not registered',0),(45,'20200702-2973156',NULL,'Dawn Diego M. Gaga-a','','','201801012','$2y$10$79QkudES/KZENpYCRSBKCON2ghdKbPcSkgaz79wA/WAv7GdfKAkr.','Student',0,NULL,35,'hB4GzItVhlMko47tMwpy2VEn7abaAE1DlXxr7vPcLCBaoHwOmkz0rJVPpYLT','2020-07-02 02:48:08','2020-07-02 02:48:08','1','Not registered',0),(46,'20200702-4122984',NULL,'Krizel Jean A. Gaga-a','','','201801034','$2y$10$gOTyKk/1SQwkgS9d7jYLb.LuU0JIczj6hY3OM9isivU24.9hPB4Qi','Student',0,NULL,36,'xt9BN1Eo9DT7uW1xvduztT2h85V1s9Bdw9821LmTt1YAt13xivmo6NrT2Jyd','2020-07-02 02:48:09','2020-07-02 02:48:09','1','Not registered',0),(47,'20200702-351632',NULL,'Glenn D. Gallarde','','','201800959','$2y$10$ZTlCRKUuBydqIQI2Bwt/LOOtq8cyJTT.rROfYRX9ML.WRWJqC6yDO','Student',0,NULL,37,NULL,'2020-07-02 02:48:11','2020-07-02 02:48:11','1','Not registered',0),(48,'20200702-2087883',NULL,'Junly M. Gallardo','','','201800950','$2y$10$kAn/LyfcJDsBnNqd287TPOEEaBQBsAbYAzt72.Uq7bY7FPVlA5D.C','Student',0,NULL,38,NULL,'2020-07-02 02:48:13','2020-07-02 02:48:13','1','Not registered',0),(49,'20200702-995915',NULL,'Stephanie A. Garaygay','','','201800777','$2y$10$iGzLt.WnVB8OIK4DSkpinuO3E.GqC110vwboWJke19UbzPnJA9Eom','Student',0,NULL,39,NULL,'2020-07-02 02:48:14','2020-07-02 02:48:14','1','Not registered',0),(50,'20200702-2828089',NULL,'Kenny Jane M. Lacostales','','','201500208','$2y$10$mHXiq0LKQyFLfizJjeglUOtMK.Q5CEwltrxIAZwpVlhE6havvD4OC','Student',0,NULL,40,NULL,'2020-07-02 02:48:16','2020-07-02 02:48:16','1','Not registered',0),(51,'20200702-9242637',NULL,'Shara Mae N. Llandres','','','201800976','$2y$10$WHw3xjWD7Ls0yNjZONOeTuK8QwXMucIfxWyDf/Jpt0gt795xAkOK2','Student',0,NULL,41,NULL,'2020-07-02 02:48:17','2020-07-02 02:48:17','1','Not registered',0),(52,'20200702-4437984',NULL,'Arialyn T. Magdayao','','','201801023','$2y$10$5yaEFj062OpGzbnDrISrzuYs8Id.YQjazaI/2ICIgnv.0t22k7q8W','Student',0,NULL,42,NULL,'2020-07-02 02:48:18','2020-07-02 02:48:18','1','Not registered',0),(53,'20200702-8593716',NULL,'James Y. Malibiran','','','201501652','$2y$10$O6RP8Gaj9R1JDj18RpSpUexr.0ijNLiWoxo6ftnLKcUmw5g6UIJN2','Student',0,NULL,43,NULL,'2020-07-02 02:48:19','2020-07-02 02:48:19','1','Not registered',0),(54,'20200702-3361178',NULL,'Sarah Mae C. Noay','','','201800583','$2y$10$DxSnFM/r/FHeAGLEvP1ra.k.P036wJPyaxL8KdgSSjKWlkbCLkibC','Student',0,NULL,44,NULL,'2020-07-02 02:48:21','2020-07-02 02:48:21','1','Not registered',0),(55,'20200702-9599983',NULL,'Reca D. Ocasla','','','201800819','$2y$10$TliO.uH20yRISumEj.M3Ou.ImXDJMMR0QoTdR7SLg4nduJLIfjMBu','Student',0,NULL,45,NULL,'2020-07-02 02:48:22','2020-07-02 02:48:22','1','Not registered',0),(56,'20200702-3936141',NULL,'Eimae A. Omaa','','','201800851','$2y$10$Dd9TRscenRhwavimetwT8ukuMwObPBPtrDuSNKMGVybNaS5c2s4Uq','Student',0,NULL,46,NULL,'2020-07-02 02:48:24','2020-07-02 02:48:24','1','Not registered',0),(57,'20200702-829024',NULL,'Jean Rose G. Pedrosa','','','201800809','$2y$10$6YtdtRXT2OwitZ6l1iDSSeFu7bqKzpT85D.GVHQITkYqy7LBWEDBG','Student',0,NULL,47,NULL,'2020-07-02 02:48:25','2020-07-02 02:48:25','1','Not registered',0),(58,'20200702-1881432',NULL,'Stephanie Gayle C. Pedrosa','','','201801010','$2y$10$8VVR4ptcNUFzVzwHJb3yuO6PKDM7WxPAbFFxsGuI9aS6UmeABf1a2','Student',0,NULL,48,NULL,'2020-07-02 02:48:27','2020-07-02 02:48:27','1','Not registered',0),(59,'20200702-4677580',NULL,'Eleandre A. Sales','','','201800623','$2y$10$Yi681c2s8dlvnEGswiJ90.5Z0qo72p8DLc/EpNQxeWOprE9ml95J2','Student',0,NULL,49,NULL,'2020-07-02 02:48:29','2020-07-02 02:48:29','1','Not registered',0),(60,'20200702-9665704',NULL,'Donell C. Saraa','','','201801019','$2y$10$mvjOJRxkTz76/ozRnna/WOEzlyUcpV3Nq7i0u0jZxd9LIl3xsLPsy','Student',0,NULL,50,NULL,'2020-07-02 02:48:30','2020-07-02 02:48:30','1','Not registered',0),(61,'20200702-2522392',NULL,'Christian Ray B. Sayon','','','201801057','$2y$10$4OFXWk5Sb4lohfCvKthc.u4tVByMVT6rVoSDCLFoeoQ2JitX2mCMu','Student',0,NULL,51,NULL,'2020-07-02 02:48:31','2020-07-02 02:48:31','1','Not registered',0),(62,'20200702-2101812',NULL,'Faith Joy P. Sayson','','','201801052','$2y$10$WANMVQeoRKjH1wgL3tS9ZeGj6UUyC8I.JWKWbsclMbZ5aopJPietq','Student',0,NULL,52,NULL,'2020-07-02 02:48:32','2020-07-02 02:48:32','1','Not registered',0),(63,'20200702-3922010',NULL,'Kathline T. Superales','','','201801131','$2y$10$xpqeQcXndJAUqjIKeEEecOBztUUZUn6EppG1iiWAVL0V9NHUzLrbW','Student',0,NULL,53,NULL,'2020-07-02 02:48:34','2020-07-02 02:48:34','1','Not registered',0),(64,'20200702-479251',NULL,'Louwin  . Timbangan','','','201801021','$2y$10$oYrAOHMzQ/fThsQlappOkOR.FjEKB1sEPqAOuH7fV14gaYZBRNgLi','Student',0,NULL,54,NULL,'2020-07-02 02:48:35','2020-07-02 02:48:35','1','Not registered',0),(65,'20200702-4240472',NULL,'Justin Kent  S. Tio','','','201800661','$2y$10$OT/NWYQlo0fhL5zLrM.oVeDRy8bMrL49MaLhfcqYAWJ1iRmHfMpgm','Student',0,NULL,55,NULL,'2020-07-02 02:48:36','2020-07-02 02:48:36','1','Not registered',0),(66,'20200702-8508922',NULL,'Janly B. Tuburan','','','201700380','$2y$10$GY/C4Z0C1CaeMCP0TVU5bOv/Q9UotHKaNSwO1WQkbi0JVxuQ7V4w2','Student',0,NULL,56,NULL,'2020-07-02 02:48:36','2020-07-02 02:48:36','1','Not registered',0),(67,'20200702-2870265',NULL,'Claudia May Isabel S. Uy','','','201800543','$2y$10$obK24m4BkyiM9zP3fQLA2OtEnnQU7in3eUxCmgLGBX02.DVBY8oHa','Student',0,NULL,57,NULL,'2020-07-02 02:48:37','2020-07-02 02:48:37','1','Not registered',0),(68,'20200702-8031138',NULL,'Monica Jane . Villarojo','','','201801029','$2y$10$8ylXHRHJkPOzjEYxAMPmNewZIgG5QcE9Em6Fv.GUjCrE39b/xF/hy','Student',0,NULL,58,NULL,'2020-07-02 02:48:37','2020-07-02 02:48:37','1','Not registered',0),(69,'1234566',NULL,'abella, lemie','lemie','abella','12345666','$2y$10$r2ofykoM9pv63hQPL0Bf2ur4n5Ov2MADq/zrPQle6B2ybkfz5Xxxa','Teacher',0,'msit',69,'cBmvvkdoSUUiBOGfjr86R2zezUJVMO3b2tIVdTSwJAPuVGvBrxy1GGvcX8nK','2020-07-04 13:22:42','2020-07-04 14:01:01','1','Done manual registration and present in the masterlist',0),(70,'246810',NULL,'DELA PEA, NENITA','NENITA','DELA PEA','test22223','$2y$10$/75On2I.8DqUYNTPAvOE5OWet4oarvD4n.Fdrzo6ogWcT0Hzlh/ca','Teacher',0,'NENITA BAQUILLER DELA PEA',70,NULL,'2020-07-04 13:22:42','2020-07-04 13:45:19','1','Done manual registration and present in the masterlist',0),(71,'2468101',NULL,'Dela Pea, Nenita','NENITA','DELA PEA','test222233','$2y$10$eYDvg6Bo4RjjiyDP2Y1Z1us.XC8.eX0tNXT0C1uUAl4ZY2ncilPxi','Teacher',0,'NENITA BAQUILLER DELA PEA',71,'esLAiudzslnu7uE2Aj00Bm37AWQNzHwITjzidk0wwmnmyFevKCp7AlyxNEXH','2020-07-04 13:48:00','2020-07-04 13:48:00','1','Done manual registration but not found in the masterlist',0),(72,'22333',NULL,'abella2, lemie2','lemie2','abella2','ememememe','$2y$10$JZ6jumhKyIrms0DynK5me.zHpcZWmSRkHHMkS6xh.9DvAm5W9IYnC','Teacher',0,'asfd',72,'GGHLSYg5o8MuMTeUSzdHVkyS6IV37Whz1Xdnak1slmKXkOVHPzDwhqBddzuM','2020-07-04 14:01:56','2020-07-04 14:03:16','1','Done manual registration and present in the masterlist',0),(73,'44445555',NULL,'Cornelia2, jake2','jake2','Cornelia2','jcjcjc','$2y$10$/ctsvE810IWcIYmzuQ6YeOpwz0vwenRMra3JfpmPVI0I0nn4okLve','Teacher',0,'msit',73,'o5RboCppwabDj4E4loJiItI4dsFtgAOu15X3bBEo0Aocet9Sx0yvGR0tVIxN','2020-07-04 14:01:57','2020-07-04 14:02:37','1','Done manual registration and present in the masterlist',0);
/*!40000 ALTER TABLE `users` ENABLE KEYS */;
UNLOCK TABLES;
/*!40103 SET TIME_ZONE=@OLD_TIME_ZONE */;

/*!40101 SET SQL_MODE=@OLD_SQL_MODE */;
/*!40014 SET FOREIGN_KEY_CHECKS=@OLD_FOREIGN_KEY_CHECKS */;
/*!40014 SET UNIQUE_CHECKS=@OLD_UNIQUE_CHECKS */;
/*!40101 SET CHARACTER_SET_CLIENT=@OLD_CHARACTER_SET_CLIENT */;
/*!40101 SET CHARACTER_SET_RESULTS=@OLD_CHARACTER_SET_RESULTS */;
/*!40101 SET COLLATION_CONNECTION=@OLD_COLLATION_CONNECTION */;
/*!40111 SET SQL_NOTES=@OLD_SQL_NOTES */;

-- Dump completed on 2020-08-04 23:22:06
